date,open,high,low,close,volume
2017-07-17 09:20:00,9910.2,9910.2,9901.45,9907.65,0
2017-07-18 09:20:00,9862.0,9871.3,9862.0,9871.3,0
2017-07-19 09:20:00,9858.2,9862.3,9856.45,9860.55,0
2017-07-20 09:20:00,9919.65,9919.75,9916.4,9916.5,0
2017-07-21 09:20:00,9883.0,9886.0,9883.0,9883.7,0
2017-07-24 09:20:00,9930.8,9931.6,9924.35,9931.05,0
2017-07-25 09:20:00,9989.4,9989.4,9983.75,9983.75,0
2017-07-26 09:20:00,9973.95,9983.35,9973.95,9983.35,0
2017-07-27 09:20:00,10067.0,10078.8,10066.95,10078.8,0
2017-07-28 09:20:00,9973.55,9983.3,9973.55,9973.9,0
2017-07-31 09:20:00,10040.0,10046.55,10040.05,10046.5,0
2017-08-01 09:20:00,10090.3,10090.75,10087.5,10090.8,0
2017-08-02 09:20:00,10113.7,10117.1,10113.7,10115.7,0
2017-08-03 09:20:00,10063.0,10062.95,10050.05,10052.3,0
2017-08-04 09:20:00,9993.25,10003.75,9993.25,10003.8,0
2017-08-07 09:20:00,10083.0,10082.95,10079.35,10082.0,0
2017-08-08 09:20:00,10076.8,10083.55,10075.25,10075.2,0
2017-08-09 09:20:00,9944.25,9944.25,9930.85,9936.0,0
2017-08-10 09:20:00,9861.1,9875.5,9861.1,9875.5,0
2017-08-11 09:20:00,9722.9,9734.8,9722.9,9731.55,0
2017-08-14 09:20:00,9766.85,9769.25,9759.15,9759.15,0
2017-08-16 09:20:00,9817.5,9824.05,9817.5,9824.05,0
2017-08-17 09:20:00,9912.65,9914.25,9905.75,9914.25,0
2017-08-18 09:20:00,9833.45,9851.35,9833.45,9851.35,0
2017-08-21 09:20:00,9864.0,9874.45,9855.85,9874.15,0
2017-08-22 09:20:00,9805.15,9828.35,9805.15,9820.4,0
2017-08-23 09:20:00,9797.65,9806.6,9794.8,9801.25,0
2017-08-24 09:20:00,9860.15,9868.9,9855.5,9855.5,0
2017-08-28 09:20:00,9889.45,9894.7,9887.8,9891.65,0
2017-08-29 09:20:00,9867.85,9874.45,9861.6,9869.8,0
2017-08-30 09:20:00,9862.4,9871.1,9861.2,9861.35,0
2017-08-31 09:20:00,9879.4,9891.0,9878.35,9884.15,0
2017-09-01 09:20:00,9915.45,9931.6,9915.45,9931.15,0
2017-09-04 09:20:00,9961.65,9969.3,9959.8,9959.8,0
2017-09-05 09:20:00,9915.4,9924.35,9913.0,9920.6,0
2017-09-06 09:20:00,9897.8,9902.6,9890.3,9898.35,0
2017-09-07 09:20:00,9956.5,9964.5,9955.9,9961.45,0
2017-09-08 09:20:00,9953.3,9960.0,9952.35,9959.25,0
2017-09-11 09:20:00,9988.55,9988.55,9981.15,9982.3,0
2017-09-12 09:20:00,10035.8,10042.45,10034.65,10039.9,0
2017-09-13 09:20:00,10093.1,10096.15,10086.4,10096.1,0
2017-09-14 09:20:00,10109.6,10114.25,10105.45,10111.3,0
2017-09-15 09:20:00,10075.0,10081.8,10071.2,10076.5,0
2017-09-18 09:20:00,10153.7,10159.8,10150.5,10155.6,0
2017-09-19 09:20:00,10154.2,10157.5,10142.25,10145.3,0
2017-09-20 09:20:00,10158.2,10160.2,10151.9,10156.0,0
2017-09-21 09:20:00,10153.5,10154.65,10146.35,10146.9,0
2017-09-22 09:20:00,10057.8,10061.5,10047.6,10055.0,0
2017-09-25 09:20:00,9923.2,9923.85,9899.0,9899.0,0
2017-09-26 09:20:00,9884.35,9884.55,9855.65,9855.85,0
2017-09-27 09:20:00,9885.5,9893.15,9882.8,9886.4,0
2017-09-28 09:20:00,9728.05,9732.7,9717.75,9717.75,0
2017-09-29 09:20:00,9807.3,9819.15,9805.85,9809.05,0
2017-10-03 09:20:00,9860.6,9866.3,9848.25,9848.5,0
2017-10-04 09:20:00,9857.95,9866.55,9850.95,9865.9,0
2017-10-05 09:20:00,9918.4,9930.65,9913.95,9924.4,0
2017-10-06 09:20:00,9935.15,9939.15,9932.7,9937.5,0
2017-10-09 09:20:00,9971.05,9977.0,9959.5,9962.15,0
2017-10-10 09:20:00,10015.2,10022.65,10014.65,10022.7,0
2017-10-11 09:20:00,10040.8,10050.45,10037.75,10045.8,0
2017-10-12 09:20:00,10009.2,10010.1,9985.8,9988.2,0
2017-10-13 09:20:00,10127.7,10146.2,10127.65,10144.3,0
2017-10-16 09:20:00,10230.0,10232.8,10222.3,10229.6,0
2017-10-17 09:20:00,10224.2,10238.95,10222.3,10228.0,0
2017-10-18 09:20:00,10206.2,10211.8,10198.25,10205.2,0
2017-10-23 09:20:00,10192.5,10223.65,10192.45,10209.0,0
2017-10-24 09:20:00,10195.3,10202.75,10187.95,10195.9,0
2017-10-25 09:20:00,10282.8,10294.85,10279.65,10280.0,0
2017-10-26 09:20:00,10283.8,10292.5,10277.5,10279.3,0
2017-10-27 09:20:00,10359.1,10360.25,10337.5,10345.2,0
2017-10-30 09:20:00,10357.0,10364.75,10354.6,10359.3,0
2017-10-31 09:20:00,10350.5,10352.8,10341.35,10350.5,0
2017-11-01 09:20:00,10392.7,10408.85,10389.9,10408.3,0
2017-11-02 09:20:00,10445.8,10448.2,10434.1,10437.0,0
2017-11-03 09:20:00,10448.0,10451.85,10441.45,10447.4,0
2017-11-06 09:20:00,10435.7,10449.35,10435.2,10444.6,0
2017-11-07 09:20:00,10477.0,10480.0,10469.6,10474.0,0
2017-11-08 09:20:00,10359.3,10382.75,10359.2,10378.7,0
2017-11-09 09:20:00,10356.1,10368.3,10355.1,10355.5,0
2017-11-10 09:20:00,10291.3,10295.6,10285.05,10286.6,0
2017-11-13 09:20:00,10320.8,10330.4,10310.25,10314.1,0
2017-11-14 09:20:00,10218.0,10238.8,10215.35,10232.0,0
2017-11-15 09:20:00,10170.0,10169.95,10156.1,10159.8,0
2017-11-16 09:20:00,10150.2,10150.4,10140.65,10147.3,0
2017-11-17 09:20:00,10330.3,10337.55,10325.45,10326.0,0
2017-11-20 09:20:00,10267.5,10286.35,10261.85,10284.8,0
2017-11-21 09:20:00,10335.4,10340.1,10328.85,10333.7,0
2017-11-22 09:20:00,10361.5,10365.5,10355.9,10362.2,0
2017-11-23 09:20:00,10335.1,10342.0,10331.55,10340.0,0
2017-11-24 09:20:00,10377.0,10379.3,10363.1,10370.0,0
2017-11-27 09:20:00,10358.5,10362.7,10354.1,10360.3,0
2017-11-28 09:20:00,10389.0,10398.35,10387.2,10387.2,0
2017-11-29 09:20:00,10382.5,10390.4,10380.05,10389.2,0
2017-11-30 09:20:00,10314.4,10314.4,10300.1,10300.2,0
2017-12-01 09:20:00,10263.4,10272.6,10253.8,10257.4,0
2017-12-04 09:20:00,10127.7,10128.85,10095.85,10101.2,0
2017-12-05 09:20:00,10118.0,10118.85,10105.4,10106.9,0
2017-12-06 09:20:00,10086.2,10091.65,10076.6,10088.7,0
2017-12-07 09:20:00,10065.2,10071.95,10063.0,10072.0,0
2017-12-08 09:20:00,10220.3,10226.8,10217.25,10217.2,0
2017-12-11 09:20:00,10304.5,10306.85,10296.65,10299.4,0
2017-12-12 09:20:00,10295.2,10296.85,10290.35,10291.3,0
2017-12-13 09:20:00,10221.2,10237.8,10219.6,10237.5,0
2017-12-14 09:20:00,10210.0,10210.05,10187.95,10207.3,0
2017-12-15 09:20:00,10343.7,10348.3,10332.25,10335.7,0
2017-12-18 09:20:00,10122.2,10168.4,10111.3,10167.7,0
2017-12-19 09:20:00,10427.2,10431.35,10418.25,10423.0,0
2017-12-20 09:20:00,10457.7,10466.0,10457.65,10462.0,0
2017-12-21 09:20:00,10461.2,10466.2,10458.3,10463.5,0
2017-12-22 09:20:00,10460.2,10466.8,10458.35,10466.5,0
2017-12-26 09:20:00,10498.7,10507.3,10498.35,10503.9,0
2017-12-27 09:20:00,10525.0,10528.95,10515.8,10525.5,0
2017-12-28 09:20:00,10514.8,10515.75,10508.65,10509.1,0
2017-12-29 09:20:00,10496.7,10511.3,10496.7,10510.2,0
2018-01-01 09:20:00,10524.2,10534.8,10523.65,10528.5,0
2018-01-02 09:20:00,10477.5,10481.65,10465.1,10466.5,0
2018-01-03 09:20:00,10471.1,10476.1,10467.25,10471.1,0
2018-01-04 09:20:00,10453.2,10453.2,10441.5,10444.0,0
2018-01-05 09:20:00,10536.7,10539.95,10534.15,10537.0,0
2018-01-08 09:20:00,10607.8,10614.05,10604.5,10609.4,0
2018-01-09 09:20:00,10629.0,10628.95,10608.25,10616.8,0
2018-01-10 09:20:00,10637.3,10639.6,10628.3,10638.5,0
2018-01-11 09:20:00,10629.2,10630.7,10623.7,10623.7,0
2018-01-12 09:20:00,10684.0,10685.6,10676.0,10682.5,0
2018-01-15 09:20:00,10727.3,10730.3,10719.75,10720.9,0
2018-01-16 09:20:00,10747.7,10749.5,10737.7,10743.3,0
2018-01-17 09:20:00,10706.0,10722.2,10705.25,10713.8,0
2018-01-18 09:20:00,10857.0,10861.85,10850.6,10856.7,0
2018-01-19 09:20:00,10813.2,10824.15,10813.2,10824.1,0
2018-01-22 09:20:00,10902.3,10913.65,10895.7,10907.1,0
2018-01-23 09:20:00,11017.0,11022.4,11010.75,11013.2,0
2018-01-24 09:20:00,11074.2,11099.65,11072.1,11099.7,0
2018-01-25 09:20:00,11082.9,11086.95,11070.7,11070.8,0
2018-01-29 09:20:00,11121.0,11121.45,11105.1,11110.9,0
2018-01-30 09:20:00,11091.3,11093.75,11081.2,11091.0,0
2018-01-31 09:20:00,11019.8,11039.8,11017.1,11037.7,0
2018-02-01 09:20:00,11067.9,11072.75,11060.85,11067.7,0
2018-02-02 09:20:00,10954.1,10954.1,10918.7,10920.7,0
2018-02-05 09:20:00,10634.8,10640.7,10611.15,10612.0,0
2018-02-06 09:20:00,10360.2,10379.9,10339.65,10378.5,0
2018-02-07 09:20:00,10578.8,10590.7,10572.5,10585.2,0
2018-02-08 09:20:00,10499.4,10502.8,10490.6,10496.2,0
2018-02-09 09:20:00,10422.0,10435.6,10408.5,10414.4,0
2018-02-12 09:20:00,10530.5,10538.0,10523.6,10531.4,0
2018-02-14 09:20:00,10566.1,10578.1,10561.35,10577.3,0
2018-02-15 09:20:00,10547.6,10549.95,10538.45,10546.5,0
2018-02-16 09:20:00,10600.3,10601.0,10579.9,10586.8,0
2018-02-19 09:20:00,10423.4,10450.55,10423.4,10437.7,0
2018-02-20 09:20:00,10374.5,10393.9,10369.55,10392.0,0
2018-02-21 09:20:00,10397.9,10400.95,10390.6,10394.7,0
2018-02-22 09:20:00,10361.9,10362.4,10350.6,10357.8,0
2018-02-23 09:20:00,10420.4,10426.05,10415.15,10423.0,0
2018-02-26 09:20:00,10528.8,10535.2,10528.25,10532.5,0
2018-02-27 09:20:00,10614.5,10629.15,10614.45,10627.6,0
2018-02-28 09:20:00,10477.0,10480.5,10467.3,10469.0,0
2018-03-01 09:20:00,10507.0,10521.55,10506.7,10520.8,0
2018-03-05 09:20:00,10392.2,10393.3,10368.05,10375.8,0
2018-03-06 09:20:00,10422.2,10441.15,10422.2,10433.6,0
2018-03-07 09:20:00,10212.5,10219.4,10194.75,10210.8,0
2018-03-08 09:20:00,10223.7,10229.2,10215.8,10216.0,0
2018-03-09 09:20:00,10251.5,10257.25,10239.1,10239.3,0
2018-03-12 09:20:00,10303.3,10324.25,10303.2,10320.5,0
2018-03-13 09:20:00,10428.8,10440.85,10423.7,10438.7,0
2018-03-14 09:20:00,10395.8,10406.85,10387.75,10402.0,0
2018-03-15 09:20:00,10398.0,10410.2,10394.75,10394.8,0
2018-03-16 09:20:00,10313.5,10321.95,10309.5,10321.6,0
2018-03-19 09:20:00,10214.2,10216.55,10174.3,10176.0,0
2018-03-20 09:20:00,10079.0,10080.75,10054.95,10059.0,0
2018-03-21 09:20:00,10194.7,10196.2,10186.25,10193.7,0
2018-03-22 09:20:00,10153.2,10179.9,10147.4,10176.5,0
2018-03-23 09:20:00,10010.0,10012.85,9981.65,9989.3,0
2018-03-26 09:20:00,10009.8,10010.75,9986.35,9989.75,0
2018-03-27 09:20:00,10167.6,10176.7,10163.15,10173.8,0
2018-03-28 09:20:00,10129.8,10136.45,10127.65,10129.2,0
2018-04-02 09:20:00,10164.7,10178.55,10160.65,10168.7,0
2018-04-03 09:20:00,10216.3,10228.6,10214.8,10219.7,0
2018-04-04 09:20:00,10255.3,10262.3,10253.2,10254.0,0
2018-04-05 09:20:00,10246.9,10257.15,10246.8,10248.0,0
2018-04-06 09:20:00,10325.7,10325.8,10310.0,10313.2,0
2018-04-09 09:20:00,10361.8,10374.7,10361.8,10373.7,0
2018-04-10 09:20:00,10405.0,10417.3,10402.9,10416.7,0
2018-04-11 09:20:00,10393.7,10405.35,10393.1,10401.2,0
2018-04-12 09:20:00,10405.5,10407.8,10400.65,10405.6,0
2018-04-13 09:20:00,10492.2,10497.85,10485.95,10489.3,0
2018-04-16 09:20:00,10443.1,10460.95,10443.1,10460.0,0
2018-04-17 09:20:00,10539.3,10539.75,10526.65,10527.0,0
2018-04-18 09:20:00,10564.8,10566.55,10556.55,10563.0,0
2018-04-19 09:20:00,10557.8,10559.9,10549.15,10559.2,0
2018-04-20 09:20:00,10553.4,10556.5,10546.3,10556.1,0
2018-04-23 09:20:00,10557.4,10572.0,10557.2,10560.0,0
2018-04-24 09:20:00,10596.5,10609.85,10594.95,10602.2,0
2018-04-25 09:20:00,10604.7,10611.45,10600.15,10606.3,0
2018-04-26 09:20:00,10577.8,10589.8,10577.85,10588.2,0
2018-04-27 09:20:00,10675.8,10688.8,10675.5,10682.2,0
2018-04-30 09:20:00,10744.0,10755.0,10742.75,10748.2,0
2018-05-02 09:20:00,10760.6,10761.55,10747.75,10751.5,0
2018-05-03 09:20:00,10700.2,10707.05,10686.55,10704.8,0
2018-05-04 09:20:00,10655.5,10664.35,10646.05,10654.0,0
2018-05-07 09:20:00,10653.5,10657.65,10648.35,10649.3,0
2018-05-08 09:20:00,10728.2,10743.15,10724.05,10740.3,0
2018-05-09 09:20:00,10711.0,10712.3,10703.7,10711.0,0
2018-05-10 09:20:00,10771.0,10785.55,10767.85,10783.2,0
2018-05-11 09:20:00,10750.0,10751.15,10734.1,10734.5,0
2018-05-14 09:20:00,10816.2,10819.55,10810.15,10816.7,0
2018-05-15 09:20:00,10797.0,10857.15,10797.0,10856.7,0
2018-05-16 09:20:00,10752.7,10757.5,10741.5,10757.5,0
2018-05-17 09:20:00,10746.9,10766.3,10746.65,10756.2,0
2018-05-18 09:20:00,10664.1,10664.1,10648.35,10652.8,0
2018-05-21 09:20:00,10581.9,10604.2,10581.65,10592.3,0
2018-05-22 09:20:00,10508.4,10519.3,10505.3,10505.8,0
2018-05-23 09:20:00,10524.0,10533.55,10521.3,10525.1,0
2018-05-24 09:20:00,10463.8,10468.15,10459.95,10461.1,0
2018-05-25 09:20:00,10540.3,10559.2,10540.35,10554.0,0
2018-05-28 09:20:00,10659.0,10666.05,10657.9,10660.5,0
2018-05-29 09:20:00,10677.0,10676.95,10663.95,10674.9,0
2018-05-30 09:20:00,10578.4,10588.65,10574.45,10574.5,0
2018-05-31 09:20:00,10645.8,10654.4,10643.1,10648.4,0
2018-06-01 09:20:00,10745.7,10759.7,10744.1,10749.9,0
2018-06-04 09:20:00,10739.9,10746.9,10725.65,10727.5,0
2018-06-05 09:20:00,10607.0,10623.95,10606.1,10620.2,0
2018-06-06 09:20:00,10594.6,10606.45,10593.8,10593.8,0
2018-06-07 09:20:00,10753.4,10763.35,10752.8,10760.7,0
2018-06-08 09:20:00,10731.5,10734.25,10718.85,10730.9,0
2018-06-11 09:20:00,10804.6,10813.5,10804.05,10807.8,0
2018-06-12 09:20:00,10811.4,10812.55,10802.85,10802.8,0
2018-06-13 09:20:00,10868.8,10879.7,10866.85,10876.5,0
2018-06-14 09:20:00,10829.0,10830.0,10816.9,10823.5,0
2018-06-15 09:20:00,10797.8,10817.0,10795.9,10816.2,0
2018-06-18 09:20:00,10817.1,10826.9,10816.4,10826.0,0
2018-06-19 09:20:00,10761.9,10774.45,10760.3,10767.1,0
2018-06-20 09:20:00,10750.2,10756.75,10748.2,10749.0,0
2018-06-21 09:20:00,10798.5,10803.45,10797.6,10798.8,0
2018-06-22 09:20:00,10726.2,10731.75,10717.7,10731.2,0
2018-06-25 09:20:00,10805.2,10811.9,10801.25,10809.4,0
2018-06-26 09:20:00,10749.6,10753.15,10744.0,10748.9,0
2018-06-27 09:20:00,10756.0,10761.55,10752.35,10760.4,0
2018-06-28 09:20:00,10639.1,10648.55,10632.4,10639.5,0
2018-06-29 09:20:00,10635.2,10647.6,10631.4,10645.5,0
2018-07-02 09:20:00,10692.0,10692.35,10675.3,10676.5,0
2018-07-03 09:20:00,10642.8,10643.3,10630.25,10643.2,0
2018-07-04 09:20:00,10709.7,10712.05,10698.15,10705.7,0
2018-07-05 09:20:00,10776.7,10780.85,10769.9,10769.9,0
2018-07-06 09:20:00,10751.5,10758.95,10747.7,10756.8,0
2018-07-09 09:20:00,10833.3,10833.3,10821.45,10832.1,0
2018-07-10 09:20:00,10887.8,10899.4,10887.8,10897.3,0
2018-07-11 09:20:00,10935.0,10942.9,10933.1,10942.9,0
2018-07-12 09:20:00,11016.7,11021.7,11010.05,11018.7,0
2018-07-13 09:20:00,11051.4,11057.05,11037.6,11037.6,0
2018-07-16 09:20:00,11015.3,11015.65,10987.5,10997.5,0
2018-07-17 09:20:00,10946.8,10970.05,10942.25,10965.7,0
2018-07-18 09:20:00,11064.2,11066.85,11058.8,11061.9,0
2018-07-19 09:20:00,10986.3,10992.6,10980.3,10989.8,0
2018-07-20 09:20:00,10963.3,10975.7,10957.05,10970.8,0
2018-07-23 09:20:00,11037.9,11052.3,11036.2,11051.6,0
2018-07-24 09:20:00,11115.8,11122.4,11110.4,11117.5,0
2018-07-25 09:20:00,11141.0,11145.6,11129.6,11130.0,0
2018-07-26 09:20:00,11159.7,11169.6,11156.9,11168.0,0
2018-07-27 09:20:00,11226.6,11233.35,11210.25,11231.8,0
2018-07-30 09:20:00,11300.0,11305.15,11287.65,11298.4,0
2018-07-31 09:20:00,11291.4,11294.95,11287.8,11294.5,0
2018-08-01 09:20:00,11368.0,11386.9,11367.35,11383.2,0
2018-08-02 09:20:00,11313.8,11318.4,11306.15,11313.5,0
2018-08-03 09:20:00,11312.5,11319.35,11312.5,11314.5,0
2018-08-06 09:20:00,11417.8,11423.6,11417.75,11419.5,0
2018-08-07 09:20:00,11400.1,11406.55,11399.55,11404.3,0
2018-08-08 09:20:00,11394.8,11404.5,11394.85,11402.0,0
2018-08-09 09:20:00,11478.1,11481.7,11465.45,11475.8,0
2018-08-10 09:20:00,11450.6,11461.8,11450.6,11460.8,0
2018-08-13 09:20:00,11365.0,11367.8,11357.05,11366.0,0
2018-08-14 09:20:00,11401.2,11402.65,11393.9,11401.2,0
2018-08-16 09:20:00,11398.8,11409.3,11397.9,11401.8,0
2018-08-17 09:20:00,11443.8,11449.9,11437.0,11441.7,0
2018-08-20 09:20:00,11514.2,11523.3,11514.2,11519.3,0
2018-08-21 09:20:00,11569.3,11572.85,11560.1,11563.3,0
2018-08-23 09:20:00,11596.7,11599.9,11588.3,11590.8,0
2018-08-24 09:20:00,11574.6,11590.75,11573.55,11590.2,0
2018-08-27 09:20:00,11640.8,11645.55,11638.15,11644.8,0
2018-08-28 09:20:00,11747.6,11760.2,11747.1,11747.8,0
2018-08-29 09:20:00,11734.2,11753.2,11729.55,11747.3,0
2018-08-30 09:20:00,11681.2,11684.7,11675.05,11675.8,0
2018-08-31 09:20:00,11673.3,11704.3,11670.25,11699.0,0
2018-09-03 09:20:00,11687.9,11694.5,11683.2,11688.0,0
2018-09-04 09:20:00,11577.7,11595.8,11575.75,11595.5,0
2018-09-05 09:20:00,11537.7,11538.65,11502.85,11516.2,0
2018-09-06 09:20:00,11494.1,11496.35,11463.7,11468.2,0
2018-09-07 09:20:00,11501.0,11508.65,11493.15,11496.2,0
2018-09-10 09:20:00,11569.5,11569.55,11553.95,11568.5,0
2018-09-11 09:20:00,11434.4,11439.9,11418.05,11421.6,0
2018-09-12 09:20:00,11308.4,11313.85,11275.65,11280.6,0
2018-09-14 09:20:00,11436.7,11449.85,11434.4,11440.1,0
2018-09-17 09:20:00,11429.8,11433.9,11421.85,11430.4,0
2018-09-18 09:20:00,11396.2,11407.3,11395.55,11407.3,0
2018-09-19 09:20:00,11296.0,11309.1,11290.15,11309.1,0
2018-09-21 09:20:00,11312.5,11327.85,11312.55,11323.8,0
2018-09-24 09:20:00,11124.8,11124.85,11080.45,11092.5,0
2018-09-25 09:20:00,10930.8,10943.55,10925.55,10932.1,0
2018-09-26 09:20:00,11104.0,11109.45,11074.7,11092.2,0
2018-09-27 09:20:00,11055.6,11077.5,11052.5,11067.1,0
2018-09-28 09:20:00,11017.2,11021.35,10980.45,10996.2,0
2018-10-01 09:20:00,10886.1,10888.15,10855.6,10886.1,0
2018-10-03 09:20:00,10947.4,10974.95,10939.9,10973.7,0
2018-10-04 09:20:00,10693.9,10747.3,10681.95,10705.4,0
2018-10-05 09:20:00,10513.2,10540.65,10513.25,10522.3,0
2018-10-08 09:20:00,10259.8,10284.15,10255.6,10281.0,0
2018-10-09 09:20:00,10386.0,10397.6,10372.9,10396.2,0
2018-10-10 09:20:00,10325.0,10366.2,10318.25,10353.3,0
2018-10-11 09:20:00,10163.7,10179.7,10138.6,10179.2,0
2018-10-12 09:20:00,10384.8,10398.55,10384.8,10390.3,0
2018-10-15 09:20:00,10458.2,10459.35,10440.7,10449.5,0
2018-10-16 09:20:00,10554.9,10571.6,10552.55,10571.5,0
2018-10-17 09:20:00,10678.4,10681.25,10666.55,10668.4,0
2018-10-19 09:20:00,10333.2,10361.55,10327.0,10359.2,0
2018-10-22 09:20:00,10349.6,10355.35,10332.05,10347.5,0
2018-10-23 09:20:00,10193.2,10204.65,10183.85,10189.0,0
2018-10-24 09:20:00,10259.6,10275.4,10255.05,10261.0,0
2018-10-25 09:20:00,10149.8,10157.0,10143.9,10148.9,0
2018-10-26 09:20:00,10069.1,10069.1,10038.6,10046.3,0
2018-10-29 09:20:00,10024.3,10057.95,10022.7,10056.9,0
2018-10-30 09:20:00,10230.0,10251.85,10230.0,10246.7,0
2018-10-31 09:20:00,10219.6,10222.75,10190.5,10205.4,0
2018-11-01 09:20:00,10414.0,10423.75,10406.3,10412.2,0
2018-11-02 09:20:00,10477.5,10494.5,10477.45,10483.6,0
2018-11-05 09:20:00,10524.9,10526.25,10502.7,10507.8,0
2018-11-06 09:20:00,10575.5,10581.2,10565.8,10569.9,0
2018-11-09 09:20:00,10555.1,10575.1,10554.45,10572.7,0
2018-11-12 09:20:00,10628.5,10637.65,10625.95,10635.7,0
2018-11-13 09:20:00,10461.7,10485.75,10459.85,10479.0,0
2018-11-14 09:20:00,10637.2,10650.5,10636.5,10648.8,0
2018-11-15 09:20:00,10597.7,10607.7,10596.6,10607.4,0
2018-11-16 09:20:00,10648.2,10659.8,10647.1,10648.9,0
2018-11-19 09:20:00,10716.3,10732.25,10716.35,10725.1,0
2018-11-20 09:20:00,10730.7,10735.2,10718.85,10732.0,0
2018-11-21 09:20:00,10647.2,10667.45,10646.2,10667.3,0
2018-11-22 09:20:00,10611.0,10617.6,10605.7,10614.4,0
2018-11-26 09:20:00,10555.4,10577.25,10553.7,10562.3,0
2018-11-27 09:20:00,10624.8,10625.25,10607.8,10617.5,0
2018-11-28 09:20:00,10720.8,10731.65,10720.75,10723.3,0
2018-11-29 09:20:00,10784.3,10802.0,10784.2,10797.3,0
2018-11-30 09:20:00,10913.8,10916.75,10904.85,10909.6,0
2018-12-03 09:20:00,10925.2,10927.95,10916.2,10920.4,0
2018-12-04 09:20:00,10877.5,10880.0,10861.7,10865.5,0
2018-12-05 09:20:00,10803.7,10808.5,10795.45,10806.5,0
2018-12-06 09:20:00,10710.0,10711.8,10697.05,10698.5,0
2018-12-07 09:20:00,10641.0,10642.95,10619.4,10623.8,0
2018-12-10 09:20:00,10550.4,10551.3,10527.75,10528.2,0
2018-12-11 09:20:00,10404.0,10407.35,10364.8,10365.0,0
2018-12-12 09:20:00,10603.6,10623.75,10603.6,10623.0,0
2018-12-13 09:20:00,10792.0,10806.1,10790.15,10806.1,0
2018-12-14 09:20:00,10770.9,10785.35,10770.9,10785.3,0
2018-12-17 09:20:00,10871.8,10876.55,10859.0,10861.5,0
2018-12-18 09:20:00,10840.5,10847.55,10828.5,10845.7,0
2018-12-19 09:20:00,10950.0,10955.4,10944.05,10948.7,0
2018-12-20 09:20:00,10916.8,10916.85,10905.3,10913.2,0
2018-12-21 09:20:00,10940.7,10953.05,10937.1,10947.5,0
2018-12-24 09:20:00,10729.7,10754.35,10729.65,10748.2,0
2018-12-26 09:20:00,10593.5,10595.3,10584.4,10592.7,0
2018-12-27 09:20:00,10814.4,10815.7,10799.0,10803.0,0
2018-12-28 09:20:00,10838.0,10852.05,10838.05,10842.5,0
2018-12-31 09:20:00,10918.8,10923.55,10899.4,10900.6,0
2019-01-01 09:20:00,10841.0,10850.85,10832.9,10836.1,0
2019-01-02 09:20:00,10869.0,10881.15,10868.35,10877.4,0
2019-01-03 09:20:00,10777.0,10778.45,10753.0,10755.2,0
2019-01-04 09:20:00,10721.5,10729.4,10715.2,10715.6,0
2019-01-07 09:20:00,10810.9,10822.45,10808.7,10809.2,0
2019-01-08 09:20:00,10746.0,10751.7,10733.25,10751.7,0
2019-01-09 09:20:00,10853.7,10866.55,10853.65,10856.9,0
2019-01-10 09:20:00,10848.7,10857.0,10838.55,10844.5,0
2019-01-11 09:20:00,10841.2,10850.15,10836.65,10837.3,0
2019-01-14 09:20:00,10754.5,10754.55,10729.5,10729.6,0
2019-01-15 09:20:00,10783.0,10790.8,10778.95,10787.5,0
2019-01-16 09:20:00,10895.0,10921.75,10895.0,10920.0,0
2019-01-17 09:20:00,10918.5,10925.5,10910.65,10911.3,0
2019-01-18 09:20:00,10915.3,10915.7,10899.75,10900.0,0
2019-01-21 09:20:00,10891.2,10914.5,10891.15,10914.5,0
2019-01-22 09:20:00,10939.8,10939.85,10921.3,10922.8,0
2019-01-23 09:20:00,10930.7,10942.55,10930.65,10934.5,0
2019-01-24 09:20:00,10836.5,10836.85,10819.25,10823.8,0
2019-01-25 09:20:00,10912.5,10930.55,10912.45,10919.4,0
2019-01-28 09:20:00,10778.5,10804.45,10772.75,10797.8,0
2019-01-29 09:20:00,10642.7,10643.3,10630.2,10630.2,0
2019-01-30 09:20:00,10689.4,10703.8,10682.9,10702.0,0
2019-01-31 09:20:00,10701.3,10707.5,10691.8,10692.3,0
2019-02-01 09:20:00,10869.2,10869.15,10847.85,10856.8,0
2019-02-04 09:20:00,10857.5,10868.4,10848.6,10866.7,0
2019-02-05 09:20:00,10926.3,10926.9,10908.7,10914.8,0
2019-02-06 09:20:00,10977.2,11012.3,10977.15,11011.1,0
2019-02-07 09:20:00,11092.2,11095.65,11087.1,11089.8,0
2019-02-08 09:20:00,11035.5,11040.45,11025.6,11026.3,0
2019-02-11 09:20:00,10901.8,10901.8,10884.65,10894.2,0
2019-02-12 09:20:00,10904.8,10910.9,10895.4,10896.0,0
2019-02-13 09:20:00,10883.2,10884.7,10872.3,10876.0,0
2019-02-14 09:20:00,10762.8,10769.55,10749.9,10758.6,0
2019-02-15 09:20:00,10724.1,10726.55,10712.85,10724.0,0
2019-02-18 09:20:00,10724.9,10727.25,10692.85,10693.2,0
2019-02-19 09:20:00,10665.0,10667.55,10659.85,10662.5,0
2019-02-20 09:20:00,10660.9,10682.95,10660.65,10675.3,0
2019-02-21 09:20:00,10734.5,10755.15,10732.7,10752.0,0
2019-02-22 09:20:00,10777.3,10788.55,10773.6,10773.6,0
2019-02-25 09:20:00,10823.9,10830.1,10816.8,10821.7,0
2019-02-26 09:20:00,10813.3,10813.5,10788.45,10789.4,0
2019-02-27 09:20:00,10893.0,10904.7,10892.7,10900.6,0
2019-02-28 09:20:00,10843.4,10846.25,10830.35,10845.3,0
2019-03-01 09:20:00,10850.7,10871.6,10850.65,10870.7,0
2019-03-05 09:20:00,10845.3,10855.6,10843.65,10850.8,0
2019-03-06 09:20:00,11026.0,11042.15,11023.35,11040.4,0
2019-03-07 09:20:00,11060.8,11061.15,11044.45,11054.5,0
2019-03-08 09:20:00,11045.0,11045.6,11026.9,11030.8,0
2019-03-11 09:20:00,11104.1,11117.95,11104.1,11111.9,0
2019-03-12 09:20:00,11249.5,11256.85,11247.0,11254.2,0
2019-03-13 09:20:00,11286.8,11296.05,11276.6,11294.2,0
2019-03-14 09:20:00,11373.2,11383.45,11372.95,11377.0,0
2019-03-15 09:20:00,11403.5,11410.05,11396.95,11404.8,0
2019-03-18 09:20:00,11503.6,11513.4,11497.9,11498.0,0
2019-03-19 09:20:00,11465.8,11478.1,11454.95,11476.0,0
2019-03-20 09:20:00,11530.5,11531.75,11518.65,11529.5,0
2019-03-22 09:20:00,11559.8,11566.85,11544.35,11546.3,0
2019-03-25 09:20:00,11354.1,11365.65,11342.9,11364.2,0
2019-03-26 09:20:00,11370.8,11374.0,11363.5,11372.0,0
2019-03-27 09:20:00,11537.5,11538.5,11526.65,11531.8,0
2019-03-28 09:20:00,11473.1,11485.9,11469.8,11485.0,0
2019-03-29 09:20:00,11618.8,11624.55,11614.85,11622.4,0
2019-04-01 09:20:00,11681.1,11698.55,11679.45,11690.0,0
2019-04-02 09:20:00,11681.0,11681.0,11668.1,11670.3,0
2019-04-03 09:20:00,11754.4,11754.45,11745.15,11752.0,0
2019-04-04 09:20:00,11647.7,11651.2,11630.75,11632.7,0
2019-04-05 09:20:00,11645.2,11662.3,11645.25,11660.8,0
2019-04-08 09:20:00,11684.8,11693.9,11683.2,11688.0,0
2019-04-09 09:20:00,11587.5,11597.25,11585.4,11590.7,0
2019-04-10 09:20:00,11656.5,11670.0,11652.65,11663.2,0
2019-04-11 09:20:00,11584.0,11597.6,11584.0,11597.0,0
2019-04-12 09:20:00,11617.8,11620.9,11605.25,11608.0,0
2019-04-15 09:20:00,11665.8,11675.6,11663.0,11674.0,0
2019-04-16 09:20:00,11745.9,11750.45,11740.85,11749.3,0
2019-04-18 09:20:00,11816.0,11825.85,11811.9,11821.0,0
2019-04-22 09:20:00,11685.3,11690.25,11668.9,11685.5,0
2019-04-23 09:20:00,11625.2,11643.5,11624.75,11633.0,0
2019-04-24 09:20:00,11607.7,11616.5,11605.2,11615.5,0
2019-04-25 09:20:00,11731.4,11746.9,11729.95,11742.7,0
2019-04-26 09:20:00,11693.2,11695.45,11670.7,11671.2,0
2019-04-30 09:20:00,11736.7,11738.45,11728.1,11736.5,0
2019-05-02 09:20:00,11730.5,11734.45,11713.0,11713.5,0
2019-05-03 09:20:00,11750.3,11751.4,11741.75,11750.5,0
2019-05-06 09:20:00,11608.7,11609.35,11597.1,11603.0,0
2019-05-07 09:20:00,11637.6,11643.85,11632.65,11634.6,0
2019-05-08 09:20:00,11437.6,11445.25,11430.7,11441.0,0
2019-05-09 09:20:00,11319.8,11320.25,11297.3,11306.2,0
2019-05-10 09:20:00,11340.3,11340.3,11326.5,11336.1,0
2019-05-13 09:20:00,11275.2,11279.9,11265.1,11269.0,0
2019-05-14 09:20:00,11120.3,11157.4,11109.2,11148.8,0
2019-05-15 09:20:00,11251.1,11258.45,11235.35,11255.2,0
2019-05-16 09:20:00,11164.8,11165.0,11153.2,11163.9,0
2019-05-17 09:20:00,11287.6,11314.15,11287.6,11314.0,0
2019-05-20 09:20:00,11642.0,11666.1,11631.15,11637.7,0
2019-05-21 09:20:00,11876.2,11883.55,11870.6,11880.7,0
2019-05-22 09:20:00,11727.1,11753.9,11726.9,11743.8,0
2019-05-23 09:20:00,11914.3,11947.85,11904.65,11945.3,0
2019-05-24 09:20:00,11746.2,11748.85,11722.75,11730.4,0
2019-05-27 09:20:00,11849.2,11873.8,11847.85,11868.9,0
2019-05-28 09:20:00,11939.2,11945.35,11934.3,11944.7,0
2019-05-29 09:20:00,11922.5,11927.4,11906.7,11913.8,0
2019-05-30 09:20:00,11882.9,11885.1,11872.0,11872.0,0
2019-05-31 09:20:00,12003.5,12022.1,12001.85,12016.9,0
2019-06-03 09:20:00,11938.5,11964.15,11938.5,11962.5,0
2019-06-04 09:20:00,12071.8,12092.65,12070.25,12078.7,0
2019-06-06 09:20:00,11995.4,12005.85,11991.7,12005.0,0
2019-06-07 09:20:00,11850.8,11850.8,11808.0,11813.5,0
2019-06-10 09:20:00,11963.5,11969.5,11949.5,11952.4,0
2019-06-11 09:20:00,11935.8,11942.7,11923.2,11942.7,0
2019-06-12 09:20:00,11926.0,11927.6,11913.6,11923.4,0
2019-06-13 09:20:00,11879.2,11894.25,11873.95,11892.2,0
2019-06-14 09:20:00,11894.7,11903.9,11880.85,11885.2,0
2019-06-17 09:20:00,11788.0,11787.95,11770.3,11782.0,0
2019-06-18 09:20:00,11709.2,11716.55,11699.25,11699.5,0
2019-06-19 09:20:00,11768.8,11784.6,11768.8,11779.4,0
2019-06-20 09:20:00,11651.1,11654.7,11635.05,11647.2,0
2019-06-21 09:20:00,11787.4,11811.7,11787.4,11800.6,0
2019-06-24 09:20:00,11736.7,11737.75,11721.0,11729.0,0
2019-06-25 09:20:00,11664.8,11667.65,11652.3,11662.6,0
2019-06-26 09:20:00,11784.8,11805.9,11783.2,11801.5,0
2019-06-27 09:20:00,11882.7,11886.75,11875.1,11875.4,0
2019-06-28 09:20:00,11865.5,11866.15,11854.2,11859.5,0
2019-07-01 09:20:00,11840.1,11847.45,11830.8,11845.8,0
2019-07-02 09:20:00,11876.9,11877.5,11869.7,11869.7,0
2019-07-03 09:20:00,11892.8,11909.05,11887.05,11909.0,0
2019-07-04 09:20:00,11937.2,11942.6,11930.75,11941.4,0
2019-07-05 09:20:00,11973.5,11979.05,11971.25,11977.7,0
2019-07-08 09:20:00,11697.8,11701.2,11682.9,11698.7,0
2019-07-09 09:20:00,11498.4,11498.55,11477.65,11493.8,0
2019-07-10 09:20:00,11574.5,11578.25,11561.4,11567.8,0
2019-07-11 09:20:00,11546.3,11546.3,11528.9,11530.8,0
2019-07-12 09:20:00,11583.3,11595.15,11581.95,11593.5,0
2019-07-15 09:20:00,11594.4,11606.75,11592.65,11602.5,0
2019-07-16 09:20:00,11584.4,11597.1,11583.9,11594.8,0
2019-07-17 09:20:00,11675.0,11685.6,11674.2,11679.3,0
2019-07-18 09:20:00,11670.3,11671.8,11659.25,11662.3,0
2019-07-19 09:20:00,11633.1,11636.75,11622.5,11623.0,0
2019-07-22 09:20:00,11355.3,11355.3,11329.6,11340.5,0
2019-07-23 09:20:00,11342.1,11346.15,11328.75,11332.2,0
2019-07-24 09:20:00,11350.3,11359.75,11344.05,11349.4,0
2019-07-25 09:20:00,11304.2,11324.15,11303.8,11311.3,0
2019-07-26 09:20:00,11219.5,11251.95,11210.05,11245.9,0
2019-07-29 09:20:00,11273.0,11293.45,11268.35,11282.2,0
2019-07-30 09:20:00,11233.0,11237.55,11221.95,11231.0,0
2019-07-31 09:20:00,11043.0,11044.0,11024.2,11028.2,0
2019-08-01 09:20:00,11064.0,11069.6,11053.3,11061.8,0
2019-08-02 09:20:00,10906.7,10910.45,10878.85,10882.8,0
2019-08-05 09:20:00,10868.5,10868.45,10847.55,10854.2,0
2019-08-06 09:20:00,10886.0,10916.05,10884.5,10912.0,0
2019-08-07 09:20:00,10951.8,10955.0,10913.4,10923.5,0
2019-08-08 09:20:00,10892.3,10895.45,10877.55,10883.2,0
2019-08-09 09:20:00,11100.8,11111.5,11097.75,11109.2,0
2019-08-13 09:20:00,11080.3,11098.2,11080.35,11086.1,0
2019-08-14 09:20:00,10959.9,10989.05,10951.45,10987.2,0
2019-08-16 09:20:00,10958.5,10959.95,10940.1,10960.0,0
2019-08-19 09:20:00,11108.0,11122.65,11107.5,11114.5,0
2019-08-20 09:20:00,11072.2,11073.15,11052.45,11056.8,0
2019-08-21 09:20:00,10998.7,11004.75,10989.85,11003.4,0
2019-08-22 09:20:00,10878.2,10883.05,10863.15,10879.1,0
2019-08-23 09:20:00,10671.0,10689.75,10659.75,10686.3,0
2019-08-26 09:20:00,10911.5,10920.4,10893.9,10912.3,0
2019-08-27 09:20:00,11110.8,11120.0,11108.05,11118.7,0
2019-08-28 09:20:00,11114.4,11128.65,11108.2,11128.5,0
2019-08-29 09:20:00,10995.2,11007.9,10977.15,10977.5,0
2019-08-30 09:20:00,10962.3,10993.05,10952.65,10987.8,0
2019-09-03 09:20:00,10926.2,10926.25,10906.45,10920.8,0
2019-09-04 09:20:00,10799.9,10799.9,10775.7,10782.9,0
2019-09-05 09:20:00,10900.7,10908.8,10897.3,10903.3,0
2019-09-06 09:20:00,10898.1,10905.2,10888.65,10892.2,0
2019-09-09 09:20:00,10898.9,10908.05,10889.8,10904.3,0
2019-09-11 09:20:00,11021.2,11029.7,11016.5,11029.7,0
2019-09-12 09:20:00,11072.1,11080.35,11066.8,11073.7,0
2019-09-13 09:20:00,11000.5,11023.85,10995.45,11019.2,0
2019-09-16 09:20:00,11010.0,11016.4,10993.15,11010.0,0
2019-09-17 09:20:00,10977.1,10979.35,10966.95,10972.2,0
2019-09-18 09:20:00,10869.9,10885.15,10869.5,10877.0,0
2019-09-19 09:20:00,10804.3,10804.35,10778.45,10780.5,0
2019-09-20 09:20:00,10708.8,10716.4,10691.0,10713.3,0
2019-09-23 09:20:00,11584.6,11578.7,11536.95,11554.5,0
2019-09-24 09:20:00,11609.8,11655.05,11607.95,11639.7,0
2019-09-25 09:20:00,11524.7,11524.65,11500.3,11500.5,0
2019-09-26 09:20:00,11495.0,11519.2,11490.2,11511.8,0
2019-09-27 09:20:00,11536.2,11539.15,11523.95,11538.3,0
2019-09-30 09:20:00,11488.8,11504.6,11473.8,11479.7,0
2019-10-01 09:20:00,11538.2,11543.2,11520.75,11526.8,0
2019-10-03 09:20:00,11266.2,11296.1,11259.45,11288.7,0
2019-10-04 09:20:00,11378.8,11391.05,11376.15,11379.8,0
2019-10-07 09:20:00,11147.6,11155.05,11126.85,11125.4,0
2019-10-09 09:20:00,11119.7,11149.85,11113.4,11137.8,0
2019-10-10 09:20:00,11277.5,11289.05,11274.75,11281.3,0
2019-10-11 09:20:00,11297.4,11315.9,11296.0,11311.4,0
2019-10-14 09:20:00,11346.9,11352.0,11319.6,11322.7,0
2019-10-15 09:20:00,11367.0,11376.3,11363.2,11370.9,0
2019-10-16 09:20:00,11458.3,11462.3,11453.75,11457.9,0
2019-10-17 09:20:00,11466.7,11480.9,11463.85,11468.3,0
2019-10-18 09:20:00,11564.0,11579.35,11557.8,11578.8,0
2019-10-22 09:20:00,11678.6,11694.5,11672.7,11694.5,0
2019-10-23 09:20:00,11594.1,11594.4,11560.6,11574.9,0
2019-10-24 09:20:00,11661.3,11667.35,11652.2,11665.8,0
2019-10-25 09:20:00,11583.0,11596.35,11576.5,11585.5,0
2019-10-29 09:20:00,11633.5,11663.2,11630.75,11645.7,0
2019-10-30 09:20:00,11835.2,11835.3,11821.4,11825.2,0
2019-10-31 09:20:00,11892.1,11908.0,11884.05,11907.5,0
2019-11-01 09:20:00,11898.6,11910.55,11892.2,11909.9,0
2019-11-04 09:20:00,11958.7,11974.8,11955.7,11965.9,0
2019-11-05 09:20:00,11957.0,11961.8,11938.4,11944.6,0
2019-11-06 09:20:00,11880.4,11894.2,11880.4,11890.0,0
2019-11-07 09:20:00,12010.2,12019.55,12005.15,12011.2,0
2019-11-08 09:20:00,11972.4,11984.35,11969.55,11982.0,0
2019-11-11 09:20:00,11882.3,11901.15,11878.65,11900.6,0
2019-11-13 09:20:00,11922.7,11925.1,11912.95,11922.0,0
2019-11-14 09:20:00,11848.9,11849.35,11822.9,11825.8,0
2019-11-15 09:20:00,11911.2,11929.75,11911.2,11929.0,0
2019-11-18 09:20:00,11928.7,11946.2,11924.15,11934.2,0
2019-11-19 09:20:00,11909.8,11913.35,11903.25,11907.3,0
2019-11-20 09:20:00,11989.2,11995.9,11980.4,11981.0,0
2019-11-21 09:20:00,11997.1,11999.1,11982.55,11988.2,0
2019-11-22 09:20:00,11957.0,11964.95,11950.45,11961.8,0
2019-11-25 09:20:00,11948.3,11956.85,11944.95,11947.5,0
2019-11-26 09:20:00,12122.3,12129.2,12119.45,12128.0,0
2019-11-27 09:20:00,12097.8,12108.0,12090.3,12090.3,0
2019-11-28 09:20:00,12112.7,12118.4,12111.35,12111.8,0
2019-11-29 09:20:00,12124.3,12124.35,12114.5,12116.9,0
2019-12-02 09:20:00,12077.5,12087.75,12071.25,12084.6,0
2019-12-03 09:20:00,12029.1,12030.9,12019.35,12023.6,0
2019-12-04 09:20:00,11974.5,11977.8,11957.25,11957.5,0
2019-12-05 09:20:00,12063.1,12068.2,12060.5,12066.2,0
2019-12-06 09:20:00,12042.8,12046.4,12041.1,12044.0,0
2019-12-09 09:20:00,11903.0,11913.75,11898.6,11912.6,0
2019-12-10 09:20:00,11935.3,11935.35,11919.15,11929.2,0
2019-12-11 09:20:00,11875.2,11882.15,11874.1,11880.7,0
2019-12-12 09:20:00,11942.2,11950.05,11934.0,11948.7,0
2019-12-13 09:20:00,12034.0,12038.35,12029.75,12033.6,0
2019-12-16 09:20:00,12110.2,12114.9,12098.3,12112.2,0
2019-12-17 09:20:00,12077.0,12095.65,12076.45,12095.5,0
2019-12-18 09:20:00,12180.9,12186.1,12167.95,12185.3,0
2019-12-19 09:20:00,12207.1,12216.85,12203.65,12215.6,0
2019-12-20 09:20:00,12283.2,12293.9,12280.5,12289.4,0
2019-12-23 09:20:00,12262.5,12284.0,12262.45,12278.0,0
2019-12-24 09:20:00,12273.5,12280.5,12270.7,12278.3,0
2019-12-26 09:20:00,12206.9,12211.75,12201.0,12203.8,0
2019-12-27 09:20:00,12170.8,12174.45,12166.5,12168.2,0
2019-12-30 09:20:00,12268.7,12275.85,12267.4,12272.3,0
2019-12-31 09:20:00,12230.2,12234.15,12222.6,12227.2,0
2020-01-01 09:20:00,12211.3,12218.8,12208.8,12215.9,0
2020-01-02 09:20:00,12216.8,12220.8,12216.65,12218.2,0
2020-01-03 09:20:00,12237.8,12248.75,12234.15,12244.2,0
2020-01-06 09:20:00,12140.5,12140.85,12111.25,12118.0,0
2020-01-07 09:20:00,12122.0,12139.5,12122.05,12130.8,0
2020-01-08 09:20:00,11935.3,11979.65,11935.35,11974.2,0
2020-01-09 09:20:00,12162.4,12169.5,12157.55,12162.2,0
2020-01-10 09:20:00,12254.7,12256.6,12243.95,12252.8,0
2020-01-13 09:20:00,12327.3,12337.75,12324.65,12331.3,0
2020-01-14 09:20:00,12318.7,12321.55,12315.3,12320.8,0
2020-01-15 09:20:00,12321.2,12325.85,12317.5,12319.0,0
2020-01-16 09:20:00,12372.5,12377.8,12369.95,12374.3,0
2020-01-17 09:20:00,12342.1,12357.4,12337.85,12351.3,0
2020-01-20 09:20:00,12400.2,12400.15,12372.55,12376.5,0
2020-01-21 09:20:00,12187.0,12202.05,12178.4,12192.2,0
2020-01-22 09:20:00,12209.8,12220.95,12205.45,12212.1,0
2020-01-23 09:20:00,12117.2,12144.95,12111.15,12141.6,0
2020-01-24 09:20:00,12162.2,12164.85,12149.65,12158.5,0
2020-01-27 09:20:00,12179.8,12179.85,12154.6,12160.0,0
2020-01-28 09:20:00,12107.4,12120.45,12095.35,12120.5,0
2020-01-29 09:20:00,12119.6,12129.25,12111.2,12126.9,0
2020-01-30 09:20:00,12095.0,12096.4,12078.55,12082.2,0
2020-01-31 09:20:00,12056.2,12079.45,12053.55,12078.2,0
2020-02-01 09:20:00,11913.0,11928.95,11899.45,11923.0,0
2020-02-03 09:20:00,11686.0,11713.85,11675.6,11692.0,0
2020-02-04 09:20:00,11797.8,11829.3,11796.75,11828.2,0
2020-02-05 09:20:00,11985.8,12010.05,11985.05,12000.0,0
2020-02-06 09:20:00,12128.0,12142.65,12123.5,12138.8,0
2020-02-07 09:20:00,12127.1,12127.75,12114.85,12124.2,0
2020-02-10 09:20:00,12065.9,12066.9,12044.65,12053.2,0
2020-02-11 09:20:00,12130.7,12146.2,12130.65,12138.8,0
2020-02-12 09:20:00,12180.3,12200.65,12180.35,12199.5,0
2020-02-13 09:20:00,12183.3,12187.3,12177.35,12183.2,0
2020-02-14 09:20:00,12231.3,12239.85,12230.9,12231.8,0
2020-02-17 09:20:00,12153.3,12154.15,12085.35,12093.7,0
2020-02-18 09:20:00,11998.9,11998.9,11969.6,11971.8,0
2020-02-19 09:20:00,12086.9,12103.25,12085.15,12097.2,0
2020-02-20 09:20:00,12113.0,12125.95,12102.6,12117.5,0
2020-02-24 09:20:00,11940.0,11953.65,11935.9,11940.6,0
2020-02-25 09:20:00,11840.7,11872.6,11840.7,11857.1,0
2020-02-26 09:20:00,11728.8,11743.45,11723.25,11731.2,0
2020-02-27 09:20:00,11633.7,11634.4,11617.15,11621.3,0
2020-02-28 09:20:00,11351.1,11357.85,11330.15,11338.4,0
2020-03-02 09:20:00,11356.4,11382.1,11327.15,11358.5,0
2020-03-03 09:20:00,11293.0,11312.65,11288.65,11294.0,0
2020-03-04 09:20:00,11295.5,11295.5,11267.65,11271.8,0
2020-03-05 09:20:00,11311.9,11320.6,11287.15,11288.8,0
2020-03-06 09:20:00,10895.8,10930.65,10877.4,10914.8,0
2020-03-09 09:20:00,10670.7,10676.25,10662.0,10667.3,0
2020-03-11 09:20:00,10458.3,10504.1,10452.35,10500.6,0
2020-03-12 09:20:00,9994.25,9994.4,9930.8,9933.8,0
2020-03-13 09:20:00,8760.15,8765.5,8645.6,8651.0,0
2020-03-16 09:20:00,9507.1,9507.1,9416.9,9442.4,0
2020-03-17 09:20:00,9100.7,9145.85,9016.85,9050.5,0
2020-03-18 09:20:00,9040.4,9043.5,8981.75,8996.5,0
2020-03-19 09:20:00,7963.75,7963.75,7854.95,7867.5,0
2020-03-20 09:20:00,8355.75,8441.25,8355.75,8421.65,0
2020-03-23 09:20:00,8155.25,8159.25,8112.15,8120.2,0
2020-03-24 09:20:00,7986.5,7995.65,7862.95,7871.5,0
2020-03-25 09:20:00,7931.25,7980.35,7889.45,7918.25,0
2020-03-26 09:20:00,8336.4,8411.8,8304.9,8396.65,0
2020-03-27 09:20:00,8971.75,8977.5,8909.55,8949.45,0
2020-03-30 09:20:00,8432.35,8466.95,8402.9,8425.3,0
2020-03-31 09:20:00,8446.7,8455.45,8418.65,8440.25,0
2020-04-01 09:20:00,8508.15,8509.35,8476.85,8490.4,0
2020-04-03 09:20:00,8165.15,8175.35,8125.5,8147.8,0
2020-04-07 09:20:00,8416.95,8448.45,8385.05,8401.55,0
2020-04-08 09:20:00,8716.8,8729.1,8695.15,8700.45,0
2020-04-09 09:20:00,8969.8,9000.4,8937.3,8956.85,0
2020-04-13 09:20:00,9098.4,9098.4,9025.7,9026.1,0
2020-04-15 09:20:00,9157.15,9176.95,9141.3,9148.25,0
2020-04-16 09:20:00,8830.6,8852.45,8821.9,8838.75,0
2020-04-17 09:20:00,9270.5,9290.75,9250.35,9282.7,0
2020-04-20 09:20:00,9293.9,9322.3,9265.85,9319.2,0
2020-04-21 09:20:00,9033.45,9033.45,8984.95,8993.15,0
2020-04-22 09:20:00,9028.95,9030.8,8987.8,9005.45,0
2020-04-23 09:20:00,9219.05,9221.6,9198.9,9219.9,0
2020-04-24 09:20:00,9198.0,9207.55,9180.25,9193.45,0
2020-04-27 09:20:00,9310.9,9331.95,9306.2,9309.65,0
2020-04-28 09:20:00,9383.8,9383.8,9340.8,9359.35,0
2020-04-29 09:20:00,9417.65,9459.05,9416.8,9450.75,0
2020-04-30 09:20:00,9749.4,9770.65,9743.8,9769.95,0
2020-05-04 09:20:00,9437.55,9454.15,9425.6,9442.15,0
2020-05-05 09:20:00,9441.35,9448.7,9416.4,9417.15,0
2020-05-06 09:20:00,9163.7,9174.3,9134.4,9155.9,0
2020-05-07 09:20:00,9211.0,9259.1,9198.25,9251.05,0
2020-05-08 09:20:00,9340.9,9350.95,9329.0,9345.5,0
2020-05-11 09:20:00,9378.05,9389.4,9370.5,9383.85,0
2020-05-12 09:20:00,9131.5,9136.25,9116.95,9133.25,0
2020-05-13 09:20:00,9445.25,9476.1,9424.95,9426.65,0
2020-05-14 09:20:00,9237.85,9258.85,9225.25,9254.85,0
2020-05-15 09:20:00,9095.8,9104.45,9082.85,9102.3,0
2020-05-18 09:20:00,9112.35,9112.35,9068.9,9078.95,0
2020-05-19 09:20:00,8946.7,8965.45,8920.75,8921.4,0
2020-05-20 09:20:00,8939.75,8975.5,8939.1,8945.55,0
2020-05-21 09:20:00,9100.8,9108.05,9087.05,9099.3,0
2020-05-22 09:20:00,9072.9,9083.5,9055.05,9076.2,0
2020-05-26 09:20:00,9143.25,9144.85,9116.7,9130.9,0
2020-05-27 09:20:00,9047.65,9055.95,9038.1,9043.9,0
2020-05-28 09:20:00,9386.15,9391.9,9373.0,9382.3,0
2020-05-29 09:20:00,9443.85,9464.15,9432.8,9437.2,0
2020-06-01 09:20:00,9806.7,9818.9,9794.45,9799.45,0
2020-06-02 09:20:00,9838.75,9888.9,9828.15,9886.9,0
2020-06-03 09:20:00,10151.2,10159.35,10132.25,10138.0,0
2020-06-04 09:20:00,10109.0,10123.85,10101.9,10107.5,0
2020-06-05 09:20:00,10098.5,10127.7,10098.55,10113.3,0
2020-06-08 09:20:00,10304.9,10328.5,10304.9,10308.5,0
2020-06-09 09:20:00,10181.4,10187.1,10150.95,10160.8,0
2020-06-10 09:20:00,10115.8,10119.85,10079.1,10079.3,0
2020-06-11 09:20:00,10059.9,10073.7,10047.1,10071.0,0
2020-06-12 09:20:00,9636.95,9674.95,9626.65,9673.6,0
2020-06-15 09:20:00,9918.15,9943.35,9916.2,9921.9,0
2020-06-16 09:20:00,10029.4,10030.25,10001.45,10013.5,0
2020-06-17 09:20:00,9849.2,9852.55,9833.8,9840.85,0
2020-06-18 09:20:00,9867.05,9885.35,9857.35,9885.35,0
2020-06-19 09:20:00,10154.2,10162.2,10141.3,10151.9,0
2020-06-22 09:20:00,10313.8,10341.15,10313.75,10336.9,0
2020-06-23 09:20:00,10376.2,10378.15,10354.55,10375.5,0
2020-06-24 09:20:00,10521.3,10521.3,10497.95,10518.8,0
2020-06-25 09:20:00,10220.8,10246.65,10202.05,10242.2,0
2020-06-26 09:20:00,10367.3,10386.65,10359.4,10361.0,0
2020-06-29 09:20:00,10313.0,10312.95,10282.15,10292.8,0
2020-06-30 09:20:00,10384.3,10390.95,10365.35,10377.6,0
2020-07-01 09:20:00,10326.8,10327.75,10299.6,10307.2,0
2020-07-02 09:20:00,10512.6,10520.45,10502.35,10509.7,0
2020-07-03 09:20:00,10597.8,10621.75,10590.8,10618.8,0
2020-07-06 09:20:00,10705.5,10718.85,10705.55,10718.8,0
2020-07-07 09:20:00,10772.8,10784.6,10766.8,10782.7,0
2020-07-08 09:20:00,10826.2,10834.7,10822.95,10825.6,0
2020-07-09 09:20:00,10754.2,10761.45,10747.15,10759.6,0
2020-07-10 09:20:00,10785.5,10796.9,10777.45,10784.3,0
2020-07-13 09:20:00,10862.5,10874.75,10861.3,10865.0,0
2020-07-14 09:20:00,10733.8,10733.85,10710.1,10727.9,0
2020-07-15 09:20:00,10699.1,10706.4,10689.0,10700.0,0
2020-07-16 09:20:00,10624.0,10654.95,10624.0,10634.2,0
2020-07-17 09:20:00,10794.0,10805.85,10788.05,10799.5,0
2020-07-20 09:20:00,10981.7,11004.65,10981.65,10994.3,0
2020-07-21 09:20:00,11132.2,11146.8,11132.25,11136.8,0
2020-07-22 09:20:00,11136.8,11156.35,11124.2,11148.4,0
2020-07-23 09:20:00,11163.8,11168.95,11153.8,11156.7,0
2020-07-24 09:20:00,11145.0,11155.1,11136.75,11151.5,0
2020-07-27 09:20:00,11209.1,11210.3,11172.65,11177.5,0
2020-07-28 09:20:00,11184.6,11203.2,11184.6,11196.8,0
2020-07-29 09:20:00,11320.8,11337.95,11320.75,11334.8,0
2020-07-30 09:20:00,11268.5,11281.4,11258.85,11260.2,0
2020-07-31 09:20:00,11063.3,11095.2,11049.2,11091.0,0
2020-08-03 09:20:00,10993.2,11009.8,10983.85,11006.3,0
2020-08-04 09:20:00,10965.1,10969.1,10938.8,10945.2,0
2020-08-05 09:20:00,11186.0,11194.15,11176.8,11191.8,0
2020-08-06 09:20:00,11161.7,11162.95,11148.65,11152.7,0
2020-08-07 09:20:00,11178.5,11181.5,11169.1,11178.1,0
2020-08-10 09:20:00,11292.5,11305.4,11291.05,11292.7,0
2020-08-11 09:20:00,11357.5,11367.55,11356.8,11362.2,0
2020-08-12 09:20:00,11259.9,11262.35,11242.65,11260.5,0
2020-08-13 09:20:00,11352.5,11353.65,11340.45,11346.5,0
2020-08-14 09:20:00,11351.3,11357.85,11343.75,11347.7,0
2020-08-17 09:20:00,11221.5,11227.5,11195.85,11210.8,0
2020-08-18 09:20:00,11294.8,11308.1,11294.75,11300.5,0
2020-08-19 09:20:00,11450.1,11457.25,11440.55,11441.8,0
2020-08-20 09:20:00,11321.8,11321.85,11305.65,11318.0,0
2020-08-21 09:20:00,11397.9,11413.7,11397.6,11411.8,0
2020-08-24 09:20:00,11436.9,11441.4,11429.6,11435.0,0
2020-08-25 09:20:00,11513.2,11518.7,11508.6,11513.0,0
2020-08-26 09:20:00,11501.5,11505.7,11495.15,11503.2,0
2020-08-27 09:20:00,11600.3,11613.35,11599.8,11612.3,0
2020-08-28 09:20:00,11614.2,11623.0,11610.7,11611.2,0
2020-08-31 09:20:00,11781.7,11794.25,11770.35,11781.5,0
2020-09-01 09:20:00,11422.6,11458.0,11422.6,11441.2,0
2020-09-02 09:20:00,11459.9,11476.6,11449.3,11473.0,0
2020-09-03 09:20:00,11562.5,11572.65,11554.7,11556.5,0
2020-09-04 09:20:00,11351.0,11372.2,11333.35,11369.7,0
2020-09-07 09:20:00,11361.5,11369.75,11340.0,11340.0,0
2020-09-08 09:20:00,11348.2,11364.45,11345.25,11357.8,0
2020-09-09 09:20:00,11241.0,11262.75,11230.6,11262.6,0
2020-09-10 09:20:00,11346.3,11356.25,11345.45,11351.7,0
2020-09-11 09:20:00,11465.5,11485.7,11465.5,11478.3,0
2020-09-14 09:20:00,11545.0,11560.45,11544.95,11559.7,0
2020-09-15 09:20:00,11490.8,11500.0,11483.65,11487.0,0
2020-09-16 09:20:00,11540.2,11544.15,11531.75,11534.6,0
2020-09-17 09:20:00,11557.4,11562.55,11547.45,11553.3,0
2020-09-18 09:20:00,11566.7,11577.0,11564.5,11570.0,0
2020-09-21 09:20:00,11505.0,11525.45,11497.95,11525.5,0
2020-09-22 09:20:00,11268.0,11272.55,11209.2,11213.6,0
2020-09-23 09:20:00,11251.3,11259.55,11227.3,11231.8,0
2020-09-24 09:20:00,10988.1,10992.4,10951.8,10961.2,0
2020-09-25 09:20:00,10922.0,10935.3,10914.2,10923.0,0
2020-09-28 09:20:00,11113.9,11131.95,11112.55,11120.7,0
2020-09-29 09:20:00,11298.6,11305.4,11294.55,11296.2,0
2020-09-30 09:20:00,11226.7,11239.7,11214.35,11228.7,0
2020-10-01 09:20:00,11369.2,11376.35,11361.6,11374.7,0
2020-10-05 09:20:00,11526.3,11541.8,11526.3,11533.1,0
2020-10-06 09:20:00,11585.0,11598.1,11573.15,11576.5,0
2020-10-07 09:20:00,11643.4,11653.9,11629.35,11650.1,0
2020-10-08 09:20:00,11842.9,11859.55,11842.9,11852.4,0
2020-10-09 09:20:00,11863.3,11876.05,11863.35,11870.3,0
2020-10-12 09:20:00,11996.5,12011.45,11984.2,12001.1,0
2020-10-13 09:20:00,11920.2,11927.45,11914.5,11921.8,0
2020-10-14 09:20:00,11909.5,11917.75,11878.75,11880.8,0
2020-10-15 09:20:00,11951.2,11961.65,11940.5,11943.2,0
2020-10-16 09:20:00,11770.5,11784.1,11747.55,11748.5,0
2020-10-19 09:20:00,11850.0,11860.3,11826.7,11830.5,0
2020-10-20 09:20:00,11878.2,11893.55,11867.25,11890.2,0
2020-10-21 09:20:00,11985.8,11998.6,11982.1,11994.3,0
2020-10-22 09:20:00,11934.0,11936.3,11900.05,11905.9,0
2020-10-23 09:20:00,11967.6,11974.55,11950.5,11950.5,0
2020-10-26 09:20:00,11890.9,11908.5,11877.0,11903.5,0
2020-10-27 09:20:00,11789.5,11790.6,11739.6,11744.7,0
2020-10-28 09:20:00,11875.8,11897.3,11867.35,11897.3,0
2020-10-29 09:20:00,11616.0,11652.1,11612.65,11649.2,0
2020-10-30 09:20:00,11684.3,11721.25,11684.3,11718.6,0
2020-11-02 09:20:00,11638.2,11671.15,11608.0,11614.6,0
2020-11-03 09:20:00,11753.8,11781.45,11752.9,11776.2,0
2020-11-04 09:20:00,11861.1,11867.5,11845.9,11859.2,0
2020-11-05 09:20:00,12052.6,12065.85,12039.8,12041.7,0
2020-11-06 09:20:00,12152.2,12172.9,12152.2,12157.5,0
2020-11-09 09:20:00,12409.6,12445.2,12409.0,12444.0,0
2020-11-10 09:20:00,12513.0,12516.1,12475.25,12485.0,0
2020-11-11 09:20:00,12699.7,12734.6,12698.6,12729.9,0
2020-11-12 09:20:00,12722.8,12741.15,12721.5,12732.2,0
2020-11-13 09:20:00,12634.8,12636.2,12622.1,12625.8,0
2020-11-17 09:20:00,12874.1,12880.75,12842.45,12859.5,0
2020-11-18 09:20:00,12893.4,12901.75,12879.9,12900.4,0
2020-11-19 09:20:00,12889.7,12898.3,12884.8,12896.9,0
2020-11-20 09:20:00,12844.8,12855.2,12832.3,12832.7,0
2020-11-23 09:20:00,12926.6,12944.65,12914.75,12936.2,0
2020-11-24 09:20:00,13008.5,13019.0,13000.95,13014.8,0
2020-11-25 09:20:00,13124.0,13135.9,13123.65,13131.2,0
2020-11-26 09:20:00,12877.0,12878.0,12855.95,12868.7,0
2020-11-27 09:20:00,13006.8,13024.55,13003.85,13008.7,0
2020-12-01 09:20:00,12981.2,12997.3,12962.8,12993.8,0
2020-12-02 09:20:00,13095.2,13128.5,13095.15,13105.0,0
2020-12-03 09:20:00,13173.6,13177.2,13158.4,13171.8,0
2020-12-04 09:20:00,13181.8,13193.5,13180.25,13189.0,0
2020-12-07 09:20:00,13279.4,13289.15,13263.6,13287.8,0
2020-12-08 09:20:00,13385.3,13400.35,13372.05,13394.0,0
2020-12-09 09:20:00,13470.5,13474.15,13456.5,13467.2,0
2020-12-10 09:20:00,13479.4,13483.4,13470.8,13472.7,0
2020-12-11 09:20:00,13538.8,13547.05,13534.0,13542.2,0
2020-12-14 09:20:00,13582.8,13597.5,13581.85,13583.5,0
2020-12-15 09:20:00,13519.2,13530.85,13508.7,13513.8,0
2020-12-16 09:20:00,13649.0,13656.5,13637.2,13650.7,0
2020-12-17 09:20:00,13696.2,13705.6,13693.25,13698.1,0
2020-12-18 09:20:00,13749.2,13751.3,13722.35,13725.8,0
2020-12-21 09:20:00,13687.4,13705.35,13674.4,13698.5,0
2020-12-22 09:20:00,13399.7,13446.75,13372.25,13384.0,0
2020-12-23 09:20:00,13482.5,13517.2,13482.5,13512.4,0
2020-12-24 09:20:00,13684.2,13701.85,13682.25,13699.9,0
2020-12-28 09:20:00,13848.0,13865.45,13841.1,13843.8,0
2020-12-29 09:20:00,13948.6,13957.3,13943.75,13952.2,0
2020-12-30 09:20:00,13910.6,13938.75,13891.65,13900.1,0
2020-12-31 09:20:00,13966.9,13990.3,13966.25,13988.8,0
2021-01-01 09:20:00,14010.8,14023.45,14006.4,14014.3,0
2021-01-04 09:20:00,14092.0,14100.75,14091.05,14092.0,0
2021-01-05 09:20:00,14107.9,14113.65,14092.0,14113.5,0
2021-01-06 09:20:00,14227.7,14239.3,14224.1,14226.2,0
2021-01-07 09:20:00,14234.9,14236.3,14218.75,14225.6,0
2021-01-08 09:20:00,14240.6,14245.45,14221.65,14235.8,0
2021-01-11 09:20:00,14419.7,14439.4,14413.0,14438.7,0
2021-01-12 09:20:00,14462.2,14479.45,14460.45,14476.0,0
2021-01-13 09:20:00,14626.8,14643.15,14626.75,14641.9,0
2021-01-14 09:20:00,14542.7,14556.6,14536.45,14550.4,0
2021-01-15 09:20:00,14601.5,14605.9,14570.05,14585.0,0
2021-01-18 09:20:00,14423.5,14436.7,14395.55,14415.5,0
2021-01-19 09:20:00,14404.5,14419.5,14387.5,14405.0,0
2021-01-20 09:20:00,14560.3,14583.35,14560.35,14582.1,0
2021-01-21 09:20:00,14725.5,14732.35,14723.05,14727.5,0
2021-01-22 09:20:00,14591.8,14599.8,14566.45,14599.7,0
2021-01-25 09:20:00,14445.5,14478.0,14445.55,14453.8,0
2021-01-27 09:20:00,14168.9,14184.75,14151.2,14159.7,0
2021-01-28 09:20:00,13833.0,13832.95,13794.2,13816.8,0
2021-01-29 09:20:00,13932.8,13966.85,13927.55,13929.2,0
2021-02-01 09:20:00,13738.0,13740.2,13693.55,13727.0,0
2021-02-02 09:20:00,14563.0,14599.25,14563.0,14593.0,0
2021-02-03 09:20:00,14601.3,14657.6,14574.15,14634.8,0
2021-02-04 09:20:00,14770.2,14794.6,14765.25,14776.8,0
2021-02-05 09:20:00,14987.4,15000.6,14962.35,14982.8,0
2021-02-08 09:20:00,15086.4,15093.7,15070.7,15090.2,0
2021-02-09 09:20:00,15171.8,15172.95,15137.25,15148.6,0
2021-02-10 09:20:00,15152.0,15152.0,15082.15,15083.0,0
2021-02-11 09:20:00,15092.6,15122.4,15092.6,15098.0,0
2021-02-12 09:20:00,15217.6,15219.45,15169.75,15172.4,0
2021-02-15 09:20:00,15294.0,15297.1,15275.8,15292.3,0
2021-02-16 09:20:00,15404.2,15416.5,15396.65,15411.7,0
2021-02-17 09:20:00,15260.2,15270.45,15242.8,15267.4,0
2021-02-18 09:20:00,15227.1,15250.75,15226.55,15246.8,0
2021-02-19 09:20:00,15058.4,15063.85,15046.0,15054.5,0
2021-02-22 09:20:00,14962.8,14969.15,14923.5,14946.3,0
2021-02-23 09:20:00,14714.2,14769.85,14711.45,14752.0,0
2021-02-24 09:20:00,14773.0,14776.6,14746.9,14748.8,0
2021-02-25 09:20:00,15146.1,15157.55,15139.3,15146.0,0
2021-02-26 09:20:00,14844.5,14882.5,14810.9,14871.7,0
2021-03-01 09:20:00,14703.5,14732.15,14687.45,14705.2,0
2021-03-02 09:20:00,14849.0,14884.7,14849.05,14878.0,0
2021-03-03 09:20:00,15037.0,15054.3,15019.5,15025.9,0
2021-03-04 09:20:00,15062.2,15092.25,15051.35,15088.0,0
2021-03-05 09:20:00,14985.5,15005.75,14954.75,15004.8,0
2021-03-08 09:20:00,15042.0,15047.2,15016.55,15037.5,0
2021-03-09 09:20:00,15086.2,15111.7,15086.15,15106.0,0
2021-03-10 09:20:00,15194.5,15214.15,15186.9,15193.5,0
2021-03-12 09:20:00,15311.3,15320.1,15304.75,15306.3,0
2021-03-15 09:20:00,14969.0,14971.3,14906.5,14926.3,0
2021-03-16 09:20:00,14977.5,15004.05,14967.45,14979.6,0
2021-03-17 09:20:00,14892.8,14931.15,14892.85,14925.3,0
2021-03-18 09:20:00,14837.0,14862.4,14828.5,14828.7,0
2021-03-19 09:20:00,14420.8,14462.45,14420.75,14436.8,0
2021-03-22 09:20:00,14671.3,14709.6,14671.35,14682.8,0
2021-03-23 09:20:00,14795.2,14825.15,14795.15,14818.3,0
2021-03-24 09:20:00,14724.3,14751.75,14722.35,14732.7,0
2021-03-25 09:20:00,14481.4,14482.65,14443.55,14451.2,0
2021-03-26 09:20:00,14462.4,14475.5,14437.1,14442.6,0
2021-03-30 09:20:00,14636.3,14663.8,14628.75,14656.6,0
2021-03-31 09:20:00,14744.8,14756.75,14731.15,14756.7,0
2021-04-01 09:20:00,14808.8,14813.7,14797.9,14801.7,0
2021-04-05 09:20:00,14760.5,14772.85,14736.6,14771.3,0
2021-04-06 09:20:00,14590.0,14626.55,14573.9,14623.8,0
2021-04-07 09:20:00,14731.3,14748.1,14717.95,14734.7,0
2021-04-08 09:20:00,14928.8,14939.15,14920.95,14922.7,0
2021-04-09 09:20:00,14835.0,14843.95,14806.35,14840.0,0
2021-04-12 09:20:00,14531.0,14531.05,14472.8,14474.3,0
2021-04-13 09:20:00,14318.4,14375.2,14274.9,14374.3,0
2021-04-15 09:20:00,14544.0,14562.75,14543.95,14555.2,0
2021-04-16 09:20:00,14612.3,14640.85,14559.0,14596.4,0
2021-04-19 09:20:00,14252.8,14266.5,14203.15,14266.2,0
2021-04-20 09:20:00,14486.3,14515.65,14486.35,14513.0,0
2021-04-22 09:20:00,14163.3,14226.45,14161.75,14204.6,0
2021-04-23 09:20:00,14385.2,14402.0,14369.05,14371.0,0
2021-04-26 09:20:00,14460.2,14494.0,14460.15,14490.2,0
2021-04-27 09:20:00,14537.6,14541.55,14509.3,14539.6,0
2021-04-28 09:20:00,14734.5,14753.45,14727.45,14751.2,0
2021-04-29 09:20:00,15033.0,15044.35,15024.35,15031.3,0
2021-04-30 09:20:00,14787.8,14787.8,14753.45,14778.0,0
2021-05-03 09:20:00,14482.4,14505.15,14450.6,14501.8,0
2021-05-04 09:20:00,14694.9,14703.45,14676.3,14678.8,0
2021-05-05 09:20:00,14575.5,14584.75,14533.6,14543.1,0
2021-05-06 09:20:00,14646.7,14653.25,14636.2,14644.8,0
2021-05-07 09:20:00,14841.2,14851.1,14836.45,14846.2,0
2021-05-10 09:20:00,14929.0,14951.25,14928.05,14941.8,0
2021-05-11 09:20:00,14809.1,14820.1,14797.7,14818.7,0
2021-05-12 09:20:00,14798.4,14798.4,14774.15,14785.5,0
2021-05-14 09:20:00,14722.8,14722.8,14655.4,14664.2,0
2021-05-17 09:20:00,14757.8,14767.35,14725.35,14753.8,0
2021-05-18 09:20:00,15093.3,15111.7,15082.9,15093.7,0
2021-05-19 09:20:00,15084.5,15092.75,15073.85,15086.5,0
2021-05-20 09:20:00,15053.5,15062.15,15033.1,15046.8,0
2021-05-21 09:20:00,15010.8,15017.55,14989.15,14993.2,0
2021-05-24 09:20:00,15241.6,15251.9,15235.9,15248.0,0
2021-05-25 09:20:00,15269.1,15278.1,15258.8,15271.7,0
2021-05-26 09:20:00,15214.7,15224.75,15194.95,15213.3,0
2021-05-27 09:20:00,15300.4,15312.0,15289.3,15290.0,0
2021-05-28 09:20:00,15430.7,15439.65,15418.5,15423.9,0
2021-05-31 09:20:00,15427.8,15428.0,15412.35,15415.7,0
2021-06-01 09:20:00,15603.0,15640.25,15600.85,15637.8,0
2021-06-02 09:20:00,15555.6,15555.6,15510.45,15512.5,0
2021-06-03 09:20:00,15659.3,15670.75,15652.15,15669.0,0
2021-06-04 09:20:00,15692.6,15699.2,15684.45,15698.7,0
2021-06-07 09:20:00,15708.4,15710.7,15678.1,15690.0,0
2021-06-08 09:20:00,15760.2,15769.5,15753.5,15753.5,0
2021-06-09 09:20:00,15753.8,15753.85,15723.1,15732.2,0
2021-06-10 09:20:00,15688.4,15688.4,15672.35,15684.2,0
2021-06-11 09:20:00,15810.8,15824.0,15810.45,15815.5,0
2021-06-14 09:20:00,15769.0,15769.0,15706.0,15709.8,0
2021-06-15 09:20:00,15873.8,15878.75,15866.65,15875.5,0
2021-06-16 09:20:00,15843.2,15870.9,15836.65,15869.5,0
2021-06-17 09:20:00,15683.3,15696.8,15669.95,15695.5,0
2021-06-18 09:20:00,15734.0,15734.0,15683.95,15727.7,0
2021-06-21 09:20:00,15541.7,15575.55,15522.6,15572.8,0
2021-06-22 09:20:00,15837.0,15862.4,15835.75,15853.3,0
2021-06-23 09:20:00,15824.0,15825.95,15776.4,15798.2,0
2021-06-24 09:20:00,15731.5,15733.2,15717.6,15721.7,0
2021-06-25 09:20:00,15822.1,15825.45,15782.8,15802.7,0
2021-06-28 09:20:00,15887.9,15890.9,15865.4,15865.5,0
2021-06-29 09:20:00,15818.5,15826.4,15808.15,15809.5,0
2021-06-30 09:20:00,15804.0,15811.35,15798.4,15804.0,0
2021-07-01 09:20:00,15724.2,15737.95,15711.1,15730.7,0
2021-07-02 09:20:00,15686.2,15687.15,15664.05,15666.5,0
2021-07-05 09:20:00,15790.3,15809.15,15786.05,15808.5,0
2021-07-06 09:20:00,15860.3,15863.2,15855.25,15856.2,0
2021-07-07 09:20:00,15801.7,15830.7,15794.05,15830.2,0
2021-07-08 09:20:00,15870.7,15885.5,15859.1,15880.6,0
2021-07-09 09:20:00,15676.2,15676.2,15632.75,15646.5,0
2021-07-12 09:20:00,15760.1,15777.85,15760.1,15773.2,0
2021-07-13 09:20:00,15756.1,15765.85,15751.7,15764.2,0
2021-07-14 09:20:00,15789.0,15811.5,15787.25,15810.5,0
2021-07-15 09:20:00,15877.2,15884.2,15866.9,15879.8,0
2021-07-16 09:20:00,15941.0,15942.8,15930.0,15940.5,0
2021-07-19 09:20:00,15790.5,15823.6,15788.05,15823.4,0
2021-07-20 09:20:00,15689.8,15698.6,15681.3,15698.6,0
2021-07-22 09:20:00,15753.0,15762.4,15742.25,15747.7,0
2021-07-23 09:20:00,15868.7,15876.45,15858.55,15864.3,0
2021-07-26 09:20:00,15828.0,15853.35,15810.25,15848.7,0
2021-07-27 09:20:00,15872.2,15877.5,15860.0,15865.3,0
2021-07-28 09:20:00,15670.1,15677.2,15659.75,15669.9,0
2021-07-29 09:20:00,15772.6,15785.9,15747.1,15766.3,0
2021-07-30 09:20:00,15792.4,15799.55,15768.0,15786.0,0
2021-08-02 09:20:00,15861.2,15869.8,15851.15,15861.9,0
2021-08-03 09:20:00,15936.4,15946.45,15936.4,15940.3,0
2021-08-04 09:20:00,16228.8,16253.1,16226.75,16249.7,0
2021-08-05 09:20:00,16267.5,16275.85,16260.45,16262.8,0
2021-08-06 09:20:00,16316.1,16321.8,16303.45,16321.0,0
2021-08-09 09:20:00,16295.9,16298.0,16275.85,16288.8,0
2021-08-10 09:20:00,16294.2,16310.85,16293.9,16310.6,0
2021-08-11 09:20:00,16322.2,16329.65,16292.85,16296.4,0
2021-08-12 09:20:00,16323.8,16326.5,16301.2,16301.9,0
2021-08-13 09:20:00,16422.5,16435.45,16419.75,16425.2,0
2021-08-16 09:20:00,16547.1,16547.1,16522.05,16541.2,0
2021-08-17 09:20:00,16542.2,16566.45,16526.65,16566.1,0
2021-08-18 09:20:00,16675.1,16686.95,16673.45,16681.9,0
2021-08-20 09:20:00,16459.0,16460.8,16431.75,16453.7,0
2021-08-23 09:20:00,16560.7,16567.0,16542.55,16550.8,0
2021-08-24 09:20:00,16530.1,16542.2,16512.55,16530.7,0
2021-08-25 09:20:00,16666.3,16693.55,16666.3,16690.9,0
2021-08-26 09:20:00,16619.8,16631.2,16615.5,16623.9,0
2021-08-27 09:20:00,16635.1,16655.9,16616.35,16628.3,0
2021-08-30 09:20:00,16810.1,16823.9,16802.5,16821.0,0
2021-08-31 09:20:00,16959.2,16995.55,16954.45,16993.4,0
2021-09-01 09:20:00,17159.1,17182.65,17148.15,17180.8,0
2021-09-02 09:20:00,17111.8,17114.95,17099.35,17111.8,0
2021-09-03 09:20:00,17307.1,17310.25,17283.15,17291.8,0
2021-09-06 09:20:00,17415.3,17421.55,17387.4,17397.6,0
2021-09-07 09:20:00,17376.1,17380.9,17345.75,17348.6,0
2021-09-08 09:20:00,17379.8,17383.4,17353.1,17353.2,0
2021-09-09 09:20:00,17345.1,17348.1,17333.85,17339.7,0
2021-09-13 09:20:00,17338.4,17340.0,17315.55,17337.3,0
2021-09-14 09:20:00,17412.6,17421.8,17405.8,17419.1,0
2021-09-15 09:20:00,17408.8,17421.5,17405.7,17411.8,0
2021-09-16 09:20:00,17567.8,17568.7,17557.0,17562.2,0
2021-09-17 09:20:00,17721.8,17741.05,17710.2,17736.8,0
2021-09-20 09:20:00,17462.6,17479.1,17442.1,17478.8,0
2021-09-21 09:20:00,17437.8,17437.85,17390.55,17414.9,0
2021-09-22 09:20:00,17589.9,17594.35,17555.95,17569.6,0
2021-09-23 09:20:00,17656.5,17682.85,17656.5,17678.8,0
2021-09-24 09:20:00,17933.4,17947.65,17898.15,17915.2,0
2021-09-27 09:20:00,17909.8,17932.5,17909.8,17929.7,0
2021-09-28 09:20:00,17845.8,17856.6,17835.9,17849.4,0
2021-09-29 09:20:00,17641.6,17660.3,17622.6,17623.2,0
2021-09-30 09:20:00,17689.2,17712.05,17680.5,17694.2,0
2021-10-01 09:20:00,17487.6,17502.55,17459.25,17502.6,0
2021-10-04 09:20:00,17630.2,17643.1,17622.7,17626.4,0
2021-10-05 09:20:00,17680.7,17696.75,17667.6,17691.2,0
2021-10-06 09:20:00,17870.8,17876.0,17859.75,17869.4,0
2021-10-07 09:20:00,17790.9,17793.6,17763.8,17783.3,0
2021-10-08 09:20:00,17865.8,17883.1,17855.25,17872.8,0
2021-10-11 09:20:00,17899.2,17912.4,17890.65,17897.9,0
2021-10-12 09:20:00,17972.1,17995.75,17968.45,17985.7,0
2021-10-13 09:20:00,18068.1,18082.95,18068.1,18072.0,0
2021-10-14 09:20:00,18282.6,18294.75,18276.6,18283.8,0
2021-10-18 09:20:00,18449.3,18485.35,18447.7,18484.6,0
2021-10-19 09:20:00,18565.8,18579.45,18555.5,18571.8,0
2021-10-20 09:20:00,18415.6,18421.8,18327.1,18329.3,0
2021-10-21 09:20:00,18335.2,18347.1,18315.25,18315.7,0
2021-10-22 09:20:00,18251.0,18277.0,18225.95,18248.2,0
2021-10-25 09:20:00,18109.4,18129.85,18077.0,18079.3,0
2021-10-26 09:20:00,18201.8,18226.55,18197.4,18214.8,0
2021-10-27 09:20:00,18291.7,18331.3,18286.55,18300.6,0
2021-10-28 09:20:00,18142.3,18156.95,18127.85,18156.9,0
2021-10-29 09:20:00,17695.8,17698.0,17613.1,17669.8,0
2021-11-01 09:20:00,17812.3,17812.3,17697.1,17706.9,0
2021-11-02 09:20:00,17987.4,17995.0,17947.75,17986.9,0
2021-11-03 09:20:00,17968.7,17977.0,17941.55,17952.9,0
2021-11-08 09:20:00,17943.1,17946.35,17864.6,17865.6,0
2021-11-09 09:20:00,18072.8,18086.8,18055.4,18077.2,0
2021-11-10 09:20:00,17931.2,17939.85,17915.55,17938.9,0
2021-11-11 09:20:00,17951.6,17960.15,17946.95,17950.7,0
2021-11-12 09:20:00,17979.8,17986.0,17948.5,17953.9,0
2021-11-15 09:20:00,18197.8,18210.15,18179.0,18184.8,0
2021-11-16 09:20:00,18076.4,18088.45,18067.35,18082.6,0
2021-11-17 09:20:00,17931.2,17969.5,17930.05,17955.4,0
2021-11-18 09:20:00,17934.9,17945.6,17920.3,17939.4,0
2021-11-22 09:20:00,17682.4,17690.5,17611.35,17632.7,0
2021-11-23 09:20:00,17257.1,17285.6,17216.1,17239.6,0
2021-11-24 09:20:00,17493.2,17542.3,17493.15,17536.1,0
2021-11-25 09:20:00,17440.8,17454.0,17424.85,17438.2,0
2021-11-26 09:20:00,17315.2,17328.5,17279.45,17295.3,0
2021-11-29 09:20:00,16838.1,16846.3,16782.4,16844.4,0
2021-11-30 09:20:00,17162.3,17195.85,17162.3,17193.1,0
2021-12-01 09:20:00,17175.6,17202.05,17139.95,17174.5,0
2021-12-02 09:20:00,17226.3,17241.1,17222.9,17228.1,0
2021-12-03 09:20:00,17475.5,17489.8,17456.6,17458.2,0
2021-12-06 09:20:00,17147.6,17197.65,17147.3,17188.6,0
2021-12-07 09:20:00,17042.1,17052.6,17007.8,17008.8,0
2021-12-08 09:20:00,17355.1,17388.5,17353.45,17388.5,0
2021-12-09 09:20:00,17505.7,17505.7,17459.5,17459.6,0
2021-12-10 09:20:00,17483.4,17534.35,17463.0,17523.2,0
2021-12-13 09:20:00,17627.9,17639.5,17609.3,17617.7,0
2021-12-14 09:20:00,17263.4,17278.8,17257.8,17262.9,0
2021-12-15 09:20:00,17312.4,17321.0,17285.05,17294.4,0
2021-12-16 09:20:00,17344.0,17356.4,17315.4,17328.4,0
2021-12-17 09:20:00,17202.6,17212.25,17181.05,17182.7,0
2021-12-20 09:20:00,16726.9,16738.85,16658.2,16689.8,0
2021-12-21 09:20:00,16777.2,16824.7,16776.95,16814.3,0
2021-12-22 09:20:00,16899.2,16910.35,16839.3,16858.6,0
2021-12-23 09:20:00,17036.9,17050.45,17031.75,17046.8,0
2021-12-24 09:20:00,17054.8,17107.35,17054.8,17102.7,0
2021-12-27 09:20:00,16871.7,16872.3,16833.2,16871.4,0
2021-12-28 09:20:00,17199.1,17203.8,17173.7,17177.3,0
2021-12-29 09:20:00,17250.4,17255.75,17236.65,17246.5,0
2021-12-30 09:20:00,17205.0,17217.1,17191.35,17192.3,0
2021-12-31 09:20:00,17302.2,17316.05,17293.9,17298.1,0
2022-01-03 09:20:00,17470.9,17478.6,17438.9,17439.5,0
2022-01-04 09:20:00,17681.7,17715.45,17659.1,17708.5,0
2022-01-05 09:20:00,17821.0,17828.05,17804.85,17823.2,0
2022-01-06 09:20:00,17747.0,17784.25,17738.9,17762.6,0
2022-01-07 09:20:00,17829.6,17852.95,17829.55,17841.9,0
2022-01-10 09:20:00,17932.0,17945.05,17900.4,17910.9,0
2022-01-11 09:20:00,18020.4,18029.9,17985.0,18024.8,0
2022-01-12 09:20:00,18162.8,18164.05,18145.2,18157.8,0
2022-01-13 09:20:00,18238.8,18244.0,18219.7,18233.8,0
2022-01-14 09:20:00,18132.7,18181.2,18129.1,18181.0,0
2022-01-17 09:20:00,18295.6,18304.45,18282.95,18299.4,0
2022-01-18 09:20:00,18349.2,18350.95,18334.25,18340.7,0
2022-01-19 09:20:00,18055.2,18087.85,18036.05,18079.3,0
2022-01-20 09:20:00,17913.1,17917.9,17865.2,17872.8,0
2022-01-21 09:20:00,17569.0,17574.85,17545.75,17549.9,0
2022-01-24 09:20:00,17585.4,17599.4,17526.85,17531.8,0
2022-01-25 09:20:00,16858.7,16967.9,16840.75,16948.1,0
2022-01-27 09:20:00,16985.3,17061.65,16975.0,17058.8,0
2022-01-28 09:20:00,17284.2,17301.1,17213.1,17239.3,0
2022-01-31 09:20:00,17312.1,17325.1,17295.85,17298.7,0
2022-02-01 09:20:00,17498.3,17521.75,17485.15,17517.3,0
2022-02-02 09:20:00,17708.9,17715.0,17674.8,17715.0,0
2022-02-03 09:20:00,17750.7,17761.65,17740.65,17751.3,0
2022-02-04 09:20:00,17501.8,17551.15,17480.3,17551.2,0
2022-02-07 09:20:00,17528.1,17529.05,17476.55,17493.2,0
2022-02-08 09:20:00,17280.0,17289.4,17228.7,17229.3,0
2022-02-09 09:20:00,17392.3,17410.8,17375.4,17398.8,0
2022-02-10 09:20:00,17501.2,17509.55,17473.25,17507.8,0
2022-02-11 09:20:00,17435.3,17435.3,17402.2,17404.6,0
2022-02-14 09:20:00,16946.7,17022.75,16916.55,17014.6,0
2022-02-15 09:20:00,16982.4,16998.95,16956.55,16956.9,0
2022-02-16 09:20:00,17410.5,17414.65,17326.95,17328.7,0
2022-02-17 09:20:00,17422.1,17442.9,17412.5,17425.2,0
2022-02-18 09:20:00,17264.6,17291.0,17253.4,17278.5,0
2022-02-21 09:20:00,17158.3,17170.6,17122.8,17142.7,0
2022-02-22 09:20:00,16917.3,16948.4,16899.7,16921.7,0
2022-02-23 09:20:00,17183.9,17200.45,17160.35,17197.4,0
2022-02-24 09:20:00,16674.0,16701.05,16639.0,16648.7,0
2022-02-25 09:20:00,16563.7,16597.5,16555.45,16587.9,0
2022-02-28 09:20:00,16462.2,16462.2,16398.6,16400.2,0
2022-03-02 09:20:00,16612.0,16657.45,16601.65,16656.9,0
2022-03-03 09:20:00,16723.3,16726.2,16696.3,16706.8,0
2022-03-04 09:20:00,16254.4,16296.65,16253.0,16259.1,0
2022-03-07 09:20:00,15853.3,15874.4,15825.45,15828.7,0
2022-03-08 09:20:00,15806.5,15839.25,15792.75,15828.8,0
2022-03-09 09:20:00,16051.9,16104.25,16036.7,16098.0,0
2022-03-10 09:20:00,16679.1,16690.9,16658.95,16658.9,0
2022-03-11 09:20:00,16539.0,16578.4,16532.85,16574.3,0
2022-03-14 09:20:00,16664.0,16687.25,16642.8,16652.0,0
2022-03-15 09:20:00,16891.9,16901.35,16854.2,16875.6,0
2022-03-16 09:20:00,16890.8,16902.8,16884.0,16897.6,0
2022-03-17 09:20:00,17219.1,17228.85,17199.35,17201.8,0
2022-03-21 09:20:00,17279.8,17309.15,17255.7,17304.0,0
2022-03-22 09:20:00,17106.2,17143.15,17105.15,17117.6,0
2022-03-23 09:20:00,17420.1,17431.7,17404.2,17408.8,0
2022-03-24 09:20:00,17156.9,17182.75,17152.1,17175.9,0
2022-03-25 09:20:00,17215.4,17240.3,17187.3,17202.1,0
2022-03-28 09:20:00,17158.2,17169.65,17109.45,17121.9,0
2022-03-29 09:20:00,17296.8,17315.45,17270.55,17270.6,0
2022-03-30 09:20:00,17404.2,17405.6,17387.2,17392.8,0
2022-03-31 09:20:00,17533.8,17540.25,17513.25,17513.3,0
2022-04-01 09:20:00,17482.8,17499.95,17477.45,17482.1,0
2022-04-04 09:20:00,17839.9,17879.25,17836.05,17876.4,0
2022-04-05 09:20:00,18030.7,18045.0,18021.85,18042.3,0
2022-04-06 09:20:00,17866.9,17901.0,17863.05,17869.9,0
2022-04-07 09:20:00,17736.4,17741.25,17713.7,17717.4,0
2022-04-08 09:20:00,17691.6,17694.65,17667.4,17672.4,0
2022-04-11 09:20:00,17714.3,17714.3,17683.8,17684.7,0
2022-04-12 09:20:00,17564.4,17594.4,17556.7,17570.0,0
2022-04-13 09:20:00,17622.9,17647.7,17622.25,17635.2,0
2022-04-18 09:20:00,17192.0,17213.05,17189.35,17205.1,0
2022-04-19 09:20:00,17207.6,17215.4,17176.75,17192.3,0
2022-04-20 09:20:00,17063.2,17095.75,17059.7,17076.9,0
2022-04-21 09:20:00,17245.9,17247.0,17230.6,17244.2,0
2022-04-22 09:20:00,17210.5,17219.2,17201.4,17215.8,0
2022-04-25 09:20:00,16963.2,16985.1,16946.4,16975.6,0
2022-04-26 09:20:00,17137.8,17163.0,17137.75,17156.8,0
2022-04-27 09:20:00,17093.7,17094.55,17070.55,17082.0,0
2022-04-28 09:20:00,17121.3,17124.75,17097.15,17100.7,0
2022-04-29 09:20:00,17317.2,17349.3,17315.95,17341.8,0
2022-05-02 09:20:00,16986.4,17014.35,16976.75,16982.8,0
2022-05-04 09:20:00,17073.3,17076.7,17050.9,17063.3,0
2022-05-05 09:20:00,16824.1,16829.15,16778.85,16790.8,0
2022-05-06 09:20:00,16414.7,16420.65,16394.95,16403.1,0
2022-05-09 09:20:00,16184.0,16207.05,16162.55,16184.0,0
2022-05-10 09:20:00,16345.8,16352.5,16320.55,16322.6,0
2022-05-11 09:20:00,16284.7,16285.6,16262.6,16279.1,0
2022-05-12 09:20:00,15961.3,15961.35,15920.7,15932.5,0
2022-05-13 09:20:00,15935.2,15976.95,15923.05,15966.7,0
2022-05-16 09:20:00,15781.1,15873.5,15781.1,15871.7,0
2022-05-17 09:20:00,15946.0,15964.55,15935.45,15961.1,0
2022-05-18 09:20:00,16356.5,16369.4,16335.35,16361.7,0
2022-05-19 09:20:00,15925.0,15937.8,15904.65,15935.8,0
2022-05-20 09:20:00,16072.3,16130.2,16072.3,16123.0,0
2022-05-23 09:20:00,16249.5,16306.85,16229.75,16279.5,0
2022-05-24 09:20:00,16235.9,16262.8,16228.55,16253.1,0
2022-05-25 09:20:00,16205.5,16221.5,16184.0,16209.7,0
2022-05-26 09:20:00,16087.1,16094.6,16059.1,16088.1,0
2022-05-27 09:20:00,16282.1,16319.1,16280.35,16315.4,0
2022-05-30 09:20:00,16541.1,16592.15,16541.05,16592.0,0
2022-05-31 09:20:00,16577.8,16581.35,16545.5,16546.1,0
2022-06-01 09:20:00,16639.7,16649.2,16620.2,16631.8,0
2022-06-02 09:20:00,16460.8,16493.5,16456.15,16481.4,0
2022-06-03 09:20:00,16776.2,16781.85,16766.65,16780.3,0
2022-06-06 09:20:00,16564.9,16579.2,16510.05,16513.2,0
2022-06-07 09:20:00,16411.9,16448.3,16410.6,16443.5,0
2022-06-08 09:20:00,16411.3,16420.35,16396.3,16399.6,0
2022-06-09 09:20:00,16285.0,16297.45,16271.3,16289.8,0
2022-06-10 09:20:00,16309.0,16324.7,16298.85,16309.8,0
2022-06-13 09:20:00,15818.3,15843.5,15804.2,15805.5,0
2022-06-14 09:20:00,15737.8,15746.5,15708.1,15708.5,0
2022-06-15 09:20:00,15721.0,15732.0,15702.15,15707.3,0
2022-06-16 09:20:00,15843.8,15851.45,15814.75,15817.8,0
2022-06-17 09:20:00,15281.6,15310.45,15252.25,15259.7,0
2022-06-20 09:20:00,15326.4,15344.95,15287.2,15290.0,0
2022-06-21 09:20:00,15480.8,15489.5,15454.2,15457.7,0
2022-06-22 09:20:00,15530.2,15542.3,15514.3,15514.3,0
2022-06-23 09:20:00,15469.5,15498.65,15463.9,15497.9,0
2022-06-24 09:20:00,15703.6,15749.25,15703.6,15713.8,0
2022-06-27 09:20:00,15866.2,15894.3,15862.6,15894.3,0
2022-06-28 09:20:00,15771.8,15771.85,15732.4,15742.6,0
2022-06-29 09:20:00,15698.8,15713.35,15691.8,15709.1,0
2022-06-30 09:20:00,15854.8,15869.7,15848.45,15864.0,0
2022-07-01 09:20:00,15690.0,15716.3,15683.0,15712.5,0
2022-07-04 09:20:00,15706.8,15769.15,15695.05,15755.5,0
2022-07-05 09:20:00,15931.5,15933.45,15916.5,15919.6,0
2022-07-06 09:20:00,15859.1,15895.65,15859.1,15894.5,0
2022-07-07 09:20:00,16114.2,16121.6,16083.95,16101.8,0
2022-07-08 09:20:00,16209.6,16215.1,16194.0,16210.3,0
2022-07-11 09:20:00,16160.2,16161.7,16140.75,16142.0,0
2022-07-12 09:20:00,16127.6,16146.25,16114.35,16146.2,0
2022-07-13 09:20:00,16113.1,16119.2,16102.2,16118.7,0
2022-07-14 09:20:00,16025.7,16041.35,16010.1,16012.7,0
2022-07-15 09:20:00,16022.7,16029.55,16004.4,16006.9,0
2022-07-18 09:20:00,16181.2,16186.15,16171.35,16173.9,0
2022-07-19 09:20:00,16239.5,16253.35,16233.0,16251.6,0
2022-07-20 09:20:00,16521.7,16525.25,16506.85,16514.4,0
2022-07-21 09:20:00,16512.6,16515.6,16501.7,16513.6,0
2022-07-22 09:20:00,16682.8,16697.75,16680.95,16695.7,0
2022-07-25 09:20:00,16684.7,16706.05,16681.3,16686.8,0
2022-07-26 09:20:00,16553.7,16563.25,16542.2,16550.4,0
2022-07-27 09:20:00,16503.1,16505.55,16451.1,16452.3,0
2022-07-28 09:20:00,16775.9,16776.05,16760.0,16764.9,0
2022-07-29 09:20:00,17095.1,17118.75,17090.35,17111.5,0
2022-08-01 09:20:00,17180.7,17232.7,17154.8,17230.9,0
2022-08-02 09:20:00,17297.4,17312.15,17280.6,17298.3,0
2022-08-03 09:20:00,17362.2,17385.0,17355.6,17382.1,0
2022-08-04 09:20:00,17464.6,17465.95,17446.95,17453.3,0
2022-08-05 09:20:00,17392.2,17441.9,17392.25,17439.3,0
2022-08-08 09:20:00,17368.8,17382.55,17367.3,17373.0,0
2022-08-10 09:20:00,17512.1,17549.85,17508.25,17535.6,0
2022-08-11 09:20:00,17690.0,17697.55,17676.15,17676.8,0
2022-08-12 09:20:00,17643.3,17653.45,17618.2,17620.4,0
2022-08-16 09:20:00,17776.2,17803.35,17768.85,17793.4,0
2022-08-17 09:20:00,17843.9,17877.0,17843.5,17871.4,0
2022-08-18 09:20:00,17915.3,17917.3,17894.9,17895.3,0
2022-08-19 09:20:00,17965.5,17978.6,17950.8,17973.7,0
2022-08-22 09:20:00,17671.4,17679.3,17617.85,17629.1,0
2022-08-23 09:20:00,17404.5,17454.65,17395.4,17451.8,0
2022-08-24 09:20:00,17574.2,17602.95,17557.9,17602.2,0
2022-08-25 09:20:00,17672.1,17689.4,17659.25,17684.0,0
2022-08-26 09:20:00,17651.8,17674.55,17651.8,17672.8,0
2022-08-29 09:20:00,17192.4,17219.25,17181.3,17217.6,0
2022-08-30 09:20:00,17444.0,17467.45,17444.0,17464.2,0
2022-09-01 09:20:00,17553.8,17574.6,17543.35,17555.9,0
2022-09-02 09:20:00,17585.8,17607.5,17568.55,17601.9,0
2022-09-05 09:20:00,17613.3,17614.6,17582.45,17600.2,0
2022-09-06 09:20:00,17737.1,17747.45,17726.8,17742.9,0
2022-09-07 09:20:00,17557.8,17584.3,17548.55,17582.6,0
2022-09-08 09:20:00,17733.8,17769.4,17733.7,17767.9,0
2022-09-09 09:20:00,17900.5,17905.05,17881.4,17891.2,0
2022-09-12 09:20:00,17920.3,17923.6,17892.55,17907.3,0
2022-09-13 09:20:00,18029.0,18048.65,18022.95,18041.7,0
2022-09-14 09:20:00,17863.2,17905.7,17852.55,17904.3,0
2022-09-15 09:20:00,18083.8,18096.15,18063.9,18081.0,0
2022-09-16 09:20:00,17791.1,17798.4,17759.5,17767.6,0
2022-09-19 09:20:00,17522.2,17525.05,17450.4,17452.7,0
2022-09-20 09:20:00,17805.7,17831.75,17798.75,17824.9,0
2022-09-21 09:20:00,17792.3,17822.15,17790.9,17809.8,0
2022-09-22 09:20:00,17626.6,17671.7,17623.3,17659.8,0
2022-09-23 09:20:00,17569.7,17570.55,17545.55,17562.9,0
2022-09-26 09:20:00,17082.8,17163.85,17072.95,17163.8,0
2022-09-27 09:20:00,17131.6,17160.45,17128.55,17156.1,0
2022-09-28 09:20:00,16829.2,16876.85,16825.4,16858.9,0
2022-09-29 09:20:00,17005.9,17026.05,17005.85,17009.8,0
2022-09-30 09:20:00,16771.8,16798.65,16764.1,16779.1,0
2022-10-03 09:20:00,17072.5,17114.65,17065.85,17092.2,0
2022-10-04 09:20:00,17174.4,17213.9,17174.45,17213.4,0
2022-10-06 09:20:00,17374.5,17392.7,17358.65,17376.9,0
2022-10-07 09:20:00,17312.9,17322.4,17284.3,17290.2,0
2022-10-10 09:20:00,17093.6,17104.85,17064.7,17096.7,0
2022-10-11 09:20:00,17185.8,17205.85,17181.0,17189.9,0
2022-10-12 09:20:00,17012.4,17026.35,16976.75,17021.9,0
2022-10-13 09:20:00,17086.0,17102.2,17073.35,17099.0,0
2022-10-14 09:20:00,17313.2,17319.8,17277.25,17281.0,0
2022-10-17 09:20:00,17146.8,17167.65,17132.95,17167.7,0
2022-10-18 09:20:00,17464.5,17493.1,17464.5,17491.4,0
2022-10-19 09:20:00,17561.2,17572.9,17549.8,17571.4,0
2022-10-20 09:20:00,17450.0,17458.65,17444.65,17455.4,0
2022-10-21 09:20:00,17628.3,17653.6,17625.7,17642.9,0
2022-10-25 09:20:00,17739.0,17745.05,17708.75,17744.6,0
2022-10-27 09:20:00,17756.1,17783.0,17756.1,17764.5,0
2022-10-28 09:20:00,17793.9,17803.1,17786.65,17802.1,0
2022-10-31 09:20:00,17943.5,17948.35,17920.1,17929.6,0
2022-11-01 09:20:00,18100.4,18111.5,18088.65,18109.4,0
2022-11-02 09:20:00,18128.2,18144.15,18128.2,18142.7,0
2022-11-03 09:20:00,18021.8,18025.9,18008.7,18016.0,0
2022-11-04 09:20:00,18085.5,18091.75,18046.85,18056.8,0
2022-11-07 09:20:00,18215.4,18229.75,18209.1,18210.0,0
2022-11-09 09:20:00,18257.8,18263.95,18236.3,18240.7,0
2022-11-10 09:20:00,18068.2,18081.45,18056.8,18059.7,0
2022-11-11 09:20:00,18270.6,18311.65,18270.55,18307.7,0
2022-11-14 09:20:00,18380.8,18390.5,18367.25,18387.5,0
2022-11-15 09:20:00,18365.8,18370.1,18339.65,18349.1,0
2022-11-16 09:20:00,18379.9,18393.35,18363.45,18373.9,0
2022-11-17 09:20:00,18381.2,18399.8,18375.0,18385.6,0
2022-11-18 09:20:00,18346.2,18351.75,18331.15,18346.8,0
2022-11-21 09:20:00,18210.6,18222.8,18181.45,18182.7,0
2022-11-22 09:20:00,18164.7,18164.65,18138.75,18144.4,0
2022-11-23 09:20:00,18301.2,18305.05,18288.65,18298.7,0
2022-11-24 09:20:00,18300.1,18305.0,18294.25,18304.8,0
2022-11-25 09:20:00,18469.2,18480.0,18451.95,18458.8,0
2022-11-28 09:20:00,18500.1,18513.4,18496.85,18504.2,0
2022-11-29 09:20:00,18605.1,18624.8,18596.25,18623.1,0
2022-11-30 09:20:00,18675.3,18677.95,18661.2,18661.2,0
2022-12-01 09:20:00,18866.9,18887.6,18865.55,18868.3,0
2022-12-02 09:20:00,18758.8,18764.2,18732.85,18737.9,0
2022-12-05 09:20:00,18667.6,18684.1,18667.55,18669.6,0
2022-12-06 09:20:00,18617.4,18617.45,18584.0,18584.1,0
2022-12-07 09:20:00,18636.7,18645.05,18624.35,18625.4,0
2022-12-08 09:20:00,18552.4,18557.75,18536.95,18551.1,0
2022-12-09 09:20:00,18650.8,18658.0,18637.8,18641.1,0
2022-12-12 09:20:00,18377.7,18377.85,18349.45,18354.7,0
2022-12-13 09:20:00,18535.9,18536.75,18513.75,18527.6,0
2022-12-14 09:20:00,18654.7,18680.3,18654.65,18675.5,0
2022-12-15 09:20:00,18631.6,18645.8,18628.2,18634.7,0
2022-12-16 09:20:00,18355.9,18399.7,18352.9,18397.2,0
2022-12-19 09:20:00,18270.7,18284.5,18259.3,18281.1,0
2022-12-20 09:20:00,18324.0,18333.85,18304.3,18311.4,0
2022-12-21 09:20:00,18450.8,18473.35,18449.5,18464.6,0
2022-12-22 09:20:00,18259.1,18266.7,18237.55,18246.4,0
2022-12-23 09:20:00,18006.3,18016.2,17972.5,17975.6,0
2022-12-26 09:20:00,17836.2,17885.0,17828.7,17880.0,0
2022-12-27 09:20:00,18111.4,18134.05,18101.4,18111.6,0
2022-12-28 09:20:00,18096.3,18110.25,18079.1,18107.9,0
2022-12-29 09:20:00,18028.8,18041.95,18011.8,18040.4,0
2022-12-30 09:20:00,18219.1,18245.95,18219.1,18237.4,0
2023-01-02 09:20:00,18115.8,18139.2,18096.6,18131.0,0
2023-01-03 09:20:00,18164.8,18179.75,18155.35,18173.3,0
2023-01-04 09:20:00,18209.7,18223.5,18207.45,18223.4,0
2023-01-05 09:20:00,18062.8,18069.7,18031.15,18043.2,0
2023-01-06 09:20:00,17979.4,18005.35,17970.2,18003.0,0
2023-01-09 09:20:00,17968.1,17978.85,17955.85,17967.6,0
2023-01-10 09:20:00,18053.1,18058.7,18039.45,18052.6,0
2023-01-11 09:20:00,17886.2,17887.65,17841.25,17842.7,0
2023-01-12 09:20:00,17913.8,17929.4,17900.3,17912.9,0
2023-01-13 09:20:00,17816.3,17826.0,17795.7,17797.2,0
2023-01-16 09:20:00,18029.3,18033.45,17987.4,18005.3,0
2023-01-17 09:20:00,17911.2,17934.05,17911.2,17923.1,0
2023-01-18 09:20:00,18069.3,18082.9,18056.65,18059.2,0
2023-01-19 09:20:00,18118.2,18123.5,18095.9,18112.6,0
2023-01-20 09:20:00,18094.1,18118.55,18087.3,18109.9,0
2023-01-23 09:20:00,18102.9,18110.95,18069.1,18072.8,0
2023-01-24 09:20:00,18169.8,18183.15,18161.4,18181.9,0
2023-01-25 09:20:00,18059.5,18060.25,18041.6,18047.3,0
2023-01-27 09:20:00,17820.9,17831.05,17797.0,17799.7,0
2023-01-30 09:20:00,17466.3,17620.2,17466.3,17619.8,0
2023-01-31 09:20:00,17614.8,17651.35,17596.8,17621.1,0
2023-02-01 09:20:00,17765.7,17800.15,17753.95,17793.0,0
2023-02-02 09:20:00,17474.4,17541.7,17459.7,17539.4,0
2023-02-03 09:20:00,17700.6,17710.8,17660.8,17672.7,0
2023-02-06 09:20:00,17780.8,17793.4,17768.2,17781.3,0
2023-02-07 09:20:00,17791.9,17804.05,17784.65,17802.3,0
2023-02-08 09:20:00,17787.4,17810.45,17787.4,17806.3,0
2023-02-09 09:20:00,17843.6,17849.2,17823.6,17835.9,0
2023-02-10 09:20:00,17845.4,17848.85,17825.55,17847.7,0
2023-02-13 09:20:00,17872.3,17879.8,17854.7,17854.7,0
2023-02-14 09:20:00,17818.1,17830.55,17817.1,17828.6,0
2023-02-15 09:20:00,17891.5,17892.05,17865.35,17880.7,0
2023-02-16 09:20:00,18096.6,18124.1,18094.45,18120.8,0
2023-02-17 09:20:00,17968.7,17971.1,17953.8,17964.1,0
2023-02-20 09:20:00,17957.9,17979.45,17952.65,17966.9,0
2023-02-21 09:20:00,17871.2,17885.3,17860.85,17873.1,0
2023-02-22 09:20:00,17751.7,17752.25,17729.4,17742.3,0
2023-02-23 09:20:00,17551.8,17554.6,17519.25,17524.3,0
2023-02-24 09:20:00,17587.5,17599.75,17563.15,17585.8,0
2023-02-27 09:20:00,17364.2,17384.3,17358.4,17384.3,0
2023-02-28 09:20:00,17413.1,17428.25,17380.15,17403.7,0
2023-03-01 09:20:00,17387.9,17410.3,17380.95,17386.6,0
2023-03-02 09:20:00,17432.1,17432.05,17402.95,17407.4,0
2023-03-03 09:20:00,17457.1,17474.95,17453.6,17474.4,0
2023-03-06 09:20:00,17728.0,17755.4,17728.0,17741.9,0
2023-03-08 09:20:00,17624.0,17640.4,17602.25,17626.2,0
2023-03-09 09:20:00,17768.1,17770.1,17726.8,17729.8,0
2023-03-10 09:20:00,17397.7,17400.85,17380.35,17396.6,0
2023-03-13 09:20:00,17505.2,17525.65,17503.35,17520.7,0
2023-03-14 09:20:00,17167.7,17178.9,17112.4,17123.8,0
2023-03-15 09:20:00,17202.5,17202.5,17161.2,17172.1,0
2023-03-16 09:20:00,16926.1,16971.1,16922.75,16946.2,0
2023-03-17 09:20:00,17101.2,17117.95,17087.9,17107.7,0
2023-03-20 09:20:00,16983.3,16983.35,16934.65,16968.6,0
2023-03-21 09:20:00,17050.2,17054.65,17026.05,17049.4,0
2023-03-22 09:20:00,17201.4,17202.6,17179.45,17181.4,0
2023-03-23 09:20:00,17078.1,17080.05,17058.25,17077.4,0
2023-03-24 09:20:00,17087.8,17087.75,17043.35,17052.2,0
2023-03-27 09:20:00,16962.8,16962.85,16918.55,16937.0,0
2023-03-28 09:20:00,17042.6,17061.75,17011.6,17024.2,0
2023-03-29 09:20:00,16997.2,17006.1,16980.85,16999.2,0
2023-03-31 09:20:00,17246.2,17275.75,17246.2,17270.9,0
2023-04-03 09:20:00,17377.4,17386.6,17359.6,17384.7,0
2023-04-05 09:20:00,17455.2,17466.6,17437.4,17459.8,0
2023-04-06 09:20:00,17522.4,17544.7,17517.15,17529.3,0
2023-04-10 09:20:00,17636.4,17641.05,17617.7,17630.2,0
2023-04-11 09:20:00,17681.2,17705.4,17680.8,17704.3,0
2023-04-12 09:20:00,17725.4,17757.95,17717.25,17752.3,0
2023-04-13 09:20:00,17789.8,17816.9,17779.5,17813.2,0
2023-04-17 09:20:00,17673.2,17688.95,17628.0,17662.6,0
2023-04-18 09:20:00,17737.9,17740.25,17718.4,17730.1,0
2023-04-19 09:20:00,17638.1,17638.9,17611.8,17620.8,0
2023-04-20 09:20:00,17653.1,17678.75,17653.1,17676.6,0
2023-04-21 09:20:00,17644.2,17651.95,17633.75,17647.8,0
2023-04-24 09:20:00,17668.7,17675.5,17654.6,17669.4,0
2023-04-25 09:20:00,17728.2,17733.2,17716.85,17730.8,0
2023-04-26 09:20:00,17751.8,17762.25,17745.25,17756.8,0
2023-04-27 09:20:00,17810.7,17828.15,17805.7,17823.2,0
2023-04-28 09:20:00,17928.1,17931.55,17901.55,17903.6,0
2023-05-02 09:20:00,18135.2,18138.5,18109.7,18134.0,0
2023-05-03 09:20:00,18074.8,18074.8,18059.2,18068.7,0
2023-05-04 09:20:00,18099.3,18117.55,18092.2,18114.7,0
2023-05-05 09:20:00,18158.5,18172.7,18158.05,18166.3,0
2023-05-08 09:20:00,18159.4,18178.1,18159.4,18177.1,0
2023-05-09 09:20:00,18305.1,18316.55,18299.1,18303.8,0
2023-05-10 09:20:00,18315.7,18323.15,18305.5,18309.7,0
2023-05-11 09:20:00,18324.2,18335.2,18310.2,18320.7,0
2023-05-12 09:20:00,18257.8,18257.85,18221.5,18223.4,0
2023-05-15 09:20:00,18346.9,18361.4,18333.95,18350.5,0
2023-05-16 09:20:00,18390.9,18391.65,18372.75,18375.8,0
2023-05-17 09:20:00,18277.8,18277.75,18257.4,18263.2,0
2023-05-18 09:20:00,18269.9,18297.2,18264.1,18291.6,0
2023-05-19 09:20:00,18146.8,18146.75,18130.15,18145.1,0
2023-05-22 09:20:00,18199.4,18247.2,18190.2,18245.3,0
2023-05-23 09:20:00,18381.5,18381.65,18361.6,18372.8,0
2023-05-24 09:20:00,18303.8,18303.85,18269.7,18290.6,0
2023-05-25 09:20:00,18292.3,18299.5,18277.4,18295.6,0
2023-05-26 09:20:00,18349.4,18352.1,18333.15,18336.6,0
2023-05-29 09:20:00,18622.4,18635.25,18611.05,18615.9,0
2023-05-30 09:20:00,18617.3,18639.85,18613.0,18638.9,0
2023-05-31 09:20:00,18571.0,18571.0,18553.9,18567.8,0
2023-06-01 09:20:00,18560.0,18563.35,18534.6,18538.7,0
2023-06-02 09:20:00,18568.3,18573.7,18556.9,18559.2,0
2023-06-05 09:20:00,18617.8,18619.3,18600.05,18616.6,0
2023-06-06 09:20:00,18598.8,18602.5,18589.05,18591.6,0
2023-06-07 09:20:00,18648.8,18656.7,18636.0,18655.4,0
2023-06-08 09:20:00,18745.2,18746.15,18732.9,18739.3,0
2023-06-09 09:20:00,18665.1,18676.65,18655.5,18665.4,0
2023-06-12 09:20:00,18578.7,18586.9,18559.75,18586.3,0
2023-06-13 09:20:00,18671.7,18684.0,18666.95,18681.8,0
2023-06-14 09:20:00,18725.1,18731.2,18708.3,18709.5,0
2023-06-15 09:20:00,18731.7,18743.15,18721.85,18730.2,0
2023-06-16 09:20:00,18746.1,18747.6,18734.95,18744.9,0
2023-06-19 09:20:00,18873.8,18875.8,18863.5,18863.8,0
2023-06-20 09:20:00,18714.6,18715.05,18689.15,18691.9,0
2023-06-21 09:20:00,18811.6,18854.35,18808.6,18852.8,0
2023-06-22 09:20:00,18846.8,18862.8,18835.55,18862.2,0
2023-06-23 09:20:00,18702.3,18713.55,18683.35,18684.1,0
2023-06-26 09:20:00,18668.7,18685.15,18661.55,18680.1,0
2023-06-27 09:20:00,18753.1,18762.15,18743.25,18759.4,0
2023-06-28 09:20:00,18868.8,18875.35,18864.6,18867.7,0
2023-06-30 09:20:00,19071.6,19085.85,19067.8,19083.8,0
2023-07-03 09:20:00,19275.8,19292.05,19270.6,19290.1,0
2023-07-04 09:20:00,19405.9,19405.9,19381.85,19386.3,0
2023-07-05 09:20:00,19377.9,19409.4,19370.45,19401.7,0
2023-07-06 09:20:00,19400.9,19416.3,19389.5,19415.0,0
2023-07-07 09:20:00,19450.6,19475.6,19443.65,19474.6,0
2023-07-10 09:20:00,19383.3,19383.65,19358.6,19365.9,0
2023-07-11 09:20:00,19449.8,19458.35,19448.4,19450.0,0
2023-07-12 09:20:00,19475.8,19479.5,19441.6,19444.4,0
2023-07-13 09:20:00,19484.9,19492.15,19472.75,19481.8,0
2023-07-14 09:20:00,19492.8,19497.25,19462.4,19464.0,0
2023-07-17 09:20:00,19580.3,19601.8,19570.4,19577.7,0
2023-07-18 09:20:00,19778.1,19796.75,19770.4,19793.0,0
2023-07-19 09:20:00,19790.3,19808.15,19790.05,19804.7,0
2023-07-20 09:20:00,19799.3,19817.65,19784.55,19816.3,0
2023-07-21 09:20:00,19824.5,19877.9,19818.15,19876.9,0
2023-07-24 09:20:00,19723.4,19742.7,19709.2,19711.2,0
2023-07-25 09:20:00,19691.6,19697.15,19679.5,19687.9,0
2023-07-26 09:20:00,19724.3,19750.65,19717.95,19748.7,0
2023-07-27 09:20:00,19857.3,19865.35,19843.65,19848.4,0
2023-07-28 09:20:00,19630.4,19632.8,19599.55,19617.6,0
2023-07-31 09:20:00,19614.5,19623.0,19597.6,19617.7,0
2023-08-01 09:20:00,19773.3,19776.05,19760.2,19766.9,0
2023-08-02 09:20:00,19653.0,19654.4,19638.3,19645.9,0
2023-08-03 09:20:00,19487.4,19527.75,19485.65,19514.8,0
2023-08-04 09:20:00,19483.3,19487.15,19469.9,19481.7,0
2023-08-07 09:20:00,19570.7,19570.7,19546.5,19550.5,0
2023-08-08 09:20:00,19609.3,19611.25,19590.85,19603.0,0
2023-08-09 09:20:00,19544.8,19552.65,19541.6,19545.5,0
2023-08-10 09:20:00,19576.2,19587.5,19568.35,19580.7,0
2023-08-11 09:20:00,19494.8,19500.75,19478.9,19485.5,0
2023-08-14 09:20:00,19302.7,19306.1,19269.4,19269.9,0
2023-08-16 09:20:00,19357.6,19369.75,19347.2,19358.8,0
2023-08-17 09:20:00,19446.1,19448.8,19432.65,19439.3,0
2023-08-18 09:20:00,19306.8,19315.2,19293.0,19315.2,0
2023-08-21 09:20:00,19345.8,19356.25,19339.15,19355.1,0
2023-08-22 09:20:00,19406.4,19409.6,19389.0,19402.3,0
2023-08-23 09:20:00,19419.1,19419.7,19406.0,19411.4,0
2023-08-24 09:20:00,19534.9,19545.65,19533.6,19538.3,0
2023-08-25 09:20:00,19272.4,19316.15,19265.6,19314.5,0
2023-08-28 09:20:00,19294.2,19294.35,19256.85,19272.2,0
2023-08-29 09:20:00,19332.1,19343.5,19329.25,19342.3,0
2023-08-30 09:20:00,19424.7,19426.15,19416.25,19418.8,0
2023-08-31 09:20:00,19375.7,19375.95,19351.0,19352.6,0
2023-09-01 09:20:00,19295.2,19300.7,19286.95,19291.1,0
2023-09-04 09:20:00,19508.8,19520.8,19499.3,19515.6,0
2023-09-05 09:20:00,19535.1,19553.8,19533.1,19539.7,0
2023-09-06 09:20:00,19588.3,19589.05,19562.15,19568.8,0
2023-09-07 09:20:00,19576.4,19580.25,19558.15,19559.3,0
2023-09-08 09:20:00,19764.3,19771.4,19758.7,19765.9,0
2023-09-11 09:20:00,19899.2,19914.95,19895.0,19908.4,0
2023-09-12 09:20:00,20064.4,20079.8,20062.8,20079.8,0
2023-09-13 09:20:00,19984.6,20016.1,19981.75,20013.3,0
2023-09-14 09:20:00,20131.5,20144.5,20124.05,20134.9,0
2023-09-15 09:20:00,20155.8,20172.75,20154.9,20168.6,0
2023-09-18 09:20:00,20140.3,20152.15,20133.35,20137.0,0
2023-09-20 09:20:00,20013.3,20050.65,20012.85,20032.1,0
2023-09-21 09:20:00,19818.5,19822.0,19804.55,19814.0,0
2023-09-22 09:20:00,19776.3,19792.15,19768.45,19785.8,0
2023-09-25 09:20:00,19642.8,19688.45,19642.75,19657.4,0
2023-09-26 09:20:00,19682.1,19698.55,19682.05,19684.5,0
2023-09-27 09:20:00,19626.4,19629.3,19607.8,19608.6,0
2023-09-28 09:20:00,19750.8,19754.55,19727.6,19754.2,0
2023-09-29 09:20:00,19581.8,19581.8,19562.0,19571.9,0
2023-10-03 09:20:00,19532.9,19544.8,19525.95,19530.6,0
2023-10-04 09:20:00,19406.0,19406.0,19375.4,19393.3,0
2023-10-05 09:20:00,19536.9,19545.05,19520.85,19531.6,0
2023-10-06 09:20:00,19604.1,19616.9,19601.9,19611.7,0
2023-10-09 09:20:00,19504.5,19508.95,19480.5,19499.6,0
2023-10-10 09:20:00,19600.8,19606.55,19591.85,19597.3,0
2023-10-11 09:20:00,19790.3,19805.9,19788.2,19797.8,0
2023-10-12 09:20:00,19826.2,19831.65,19821.5,19823.1,0
2023-10-13 09:20:00,19714.6,19724.1,19709.05,19720.8,0
2023-10-16 09:20:00,19703.9,19719.15,19691.85,19714.0,0
2023-10-17 09:20:00,19815.4,19826.7,19809.75,19819.9,0
2023-10-18 09:20:00,19786.3,19795.1,19774.8,19791.7,0
2023-10-19 09:20:00,19539.0,19553.1,19539.0,19549.5,0
2023-10-20 09:20:00,19562.9,19586.7,19558.75,19583.9,0
2023-10-23 09:20:00,19548.1,19556.35,19538.55,19548.4,0
2023-10-25 09:20:00,19320.3,19329.7,19316.5,19320.3,0
2023-10-26 09:20:00,19008.0,19009.5,18962.6,18975.0,0
2023-10-27 09:20:00,18937.1,18980.9,18930.6,18977.2,0
2023-10-30 09:20:00,19032.6,19044.35,19014.55,19016.2,0
2023-10-31 09:20:00,19173.9,19189.05,19146.95,19164.1,0
2023-11-01 09:20:00,19077.2,19092.35,19067.25,19082.2,0
2023-11-02 09:20:00,19142.8,19168.45,19142.45,19161.9,0
2023-11-03 09:20:00,19248.3,19255.05,19243.2,19246.2,0
2023-11-06 09:20:00,19331.7,19357.35,19331.65,19349.7,0
2023-11-07 09:20:00,19365.7,19382.45,19364.4,19382.1,0
2023-11-08 09:20:00,19413.0,19425.6,19403.8,19421.7,0
2023-11-09 09:20:00,19413.1,19428.7,19409.85,19427.4,0
2023-11-10 09:20:00,19353.8,19354.55,19335.3,19353.7,0
2023-11-13 09:20:00,19458.5,19458.85,19443.45,19449.2,0
2023-11-15 09:20:00,19613.3,19620.65,19607.05,19609.7,0
2023-11-16 09:20:00,19636.6,19643.1,19627.6,19641.1,0
2023-11-17 09:20:00,19739.2,19761.2,19730.7,19758.6,0
2023-11-20 09:20:00,19747.8,19752.15,19717.4,19721.8,0
2023-11-21 09:20:00,19762.9,19778.75,19762.95,19772.3,0
2023-11-22 09:20:00,19803.0,19808.05,19792.0,19806.6,0
2023-11-23 09:20:00,19840.3,19866.1,19833.75,19865.6,0
2023-11-24 09:20:00,19816.1,19828.4,19812.15,19818.2,0
